"time_day","shoot_C","root_C","seed_C","litter_C","soil_water_mm","mineral_N","cumulative_net_C_gain","cumulative_litter_CO2_C","cumulative_rain_mm","cumulative_irrigation_mm","cumulative_ET_mm","cumulative_drainage_mm","cumulative_N_input","cumulative_N_leaching","temperature_C","rain_rate_mm_day","light_umol_m2_s","net_gain_gC_m2_day","carbon_residual","water_residual","nitrogen_residual"
0,5.4399999999999995,2.56,0,0,80,4,0,0,0,0,0,0,0,0,25,0,450,0,0,0,0
0.9166666666666666,5.492736850161237,2.587647241208221,0,0.0266376510386624,79.50378659267041,3.9964822462129272,0.10707010772777144,0.000048365319651899475,0,0,0.49621340732958574,0,0.0018333333333333333,0,25.09467420569431,0,450,0.11719643288580886,3.7470027081099033e-16,-5.662137425588298e-15,-4.2392304944183223e-16
1.8333333333333333,5.545786841363532,2.6154619612652916,0,0.0534183880180687,79.00680694033062,3.992933307134322,0.21488621248627107,0.00021902183937945097,0,0,0.9931930596693757,0,0.003666666666666667,0,25.189324838134137,0,450,0.11800570913163082,9.71445146547012e-16,-4.6629367034256575e-15,-8.482797797526587e-16
2.75,5.5991422889395785,2.643440651848492,0,0.08034311004706017,78.5090660595348,3.989353697458243,0.3234386775428704,0.0005126267077398588,0,0,1.490933940465186,0,0.0055000000000000005,0,25.28392832993459,0,450,0.11880426865077902,6.106226635438361e-16,-1.1324274851176597e-14,-3.8424124992886277e-16
3.6666666666666665,5.652795267954045,2.6715796872413695,0,0.10741267428057082,78.010569445976,3.985743951859534,0.43271747059232757,0.0009298411163428559,0,0,1.9894305540239792,0,0.007333333333333333,0,25.37846112544848,0,450,0.11959168358142927,4.440892098500626e-16,-1.7763568394002505e-14,8.066464163292153e-17
4.583333333333333,5.706737619731595,2.699875327294596,0,0.1346278949497435,77.51132308356847,3.9821046245678695,0.5427121720818111,0.0014713301058777678,0,0,2.488676916431508,0,0.009166666666666663,0,25.472899686631532,0,450,0.1203675354861008,6.661338147750939e-16,-2.1760371282653068e-14,-1.2281842209915794e-15
5.5,5.760960958821031,2.7283237205958546,0,0.16198954242926256,77.01133345328984,3.9784362889076923,0.6534119842139119,0.0021377623677643442,0,0,2.9886665467101463,0,0.010999999999999992,0,25.567220498903197,0,450,0.12113141608423571,2.220446049250313e-15,-1.7319479184152442e-14,-7.598088824778415e-16
6.416666666666667,5.815456680382852,2.7569209078429946,0,0.18949834234382876,76.51060754177162,3.974739536804849,0.7648057406112739,0.0029298100416013857,0,0,3.489392458228372,0,0.012833333333333322,0,25.66140007700163,0,450,0.12188292796576418,2.3314683517128287e-15,-7.993605777301127e-15,-1.1796119636642288e-15
7.333333333333333,5.870215967985997,2.7856628254139553,0,0.21715497471562784,76.00915284962724,3.9710149782608877,0.8768819166241718,0.0038481485085958655,0,0,3.9908471503727654,0,0.014666666666666649,0,25.755414970831374,0,450,0.12262168528316524,4.773959005888173e-15,7.105427357601002e-15,1.7867651802561113e-16
8.25,5.925229801798107,2.814545309126283,0,0.24496007315456306,75.50697739950722,3.9672632407960524,0.9896286402601135,0.004893456181163606,0,0,4.493022600492775,0,0.016499999999999983,0,25.84924177130226,0,450,0.12334731441958856,1.3322676295501878e-15,-3.552713678800501e-15,-2.463307335887066e-16
9.166666666666666,5.980488967152157,2.843564098178362,0,0.27291422409293226,75.00408974387216,3.9634849688621614,1.103033703712346,0.006066414288900477,0,0,4.995910256127825,0,0.018333333333333326,0,25.942857116158134,0,450,0.12405945463067079,6.217248937900877e-15,-1.7763568394002505e-14,2.0816681711721685e-16
10.083333333333334,6.035984063470936,2.8727148392638204,0,0.3010179660661374,74.50049897247433,3.9596808232266225,1.2170845754620179,0.007367706661130677,0,0,5.499501027525637,0,0.020166666666666673,0,26.036237695793904,0,450,0.12475775865775979,4.884981308350689e-15,-3.019806626980426e-14,-2.2898349882893854e-16
11,6.091705513529586,2.901993090849963,0,0.32927178904091253,73.99621471954006,3.955851480328978,1.3317684129267007,0.008798019506245685,0,0,6.003785280459916,0,0.022000000000000016,0,26.129360259059464,0,450,0.12544189331035335,7.549516567451064e-15,-2.042810365310288e-14,2.255140518769849e-16
11.916666666666666,6.1476435730350785,2.9313943276104433,0,0.35767613379244895,73.49124717064518,3.951997631611436,1.4470720756260178,0.010358041188054161,0,0,6.508752829354794,0,0.02383333333333336,0,26.222201619049095,0,450,0.12611154001566188,7.105427357601002e-15,-2.4868995751603507e-14,6.800116025829084e-16
12.833333333333334,6.203788340500363,2.9609139450018502,0,0.38623139133168594,72.98560706927736,3.9481199828249727,1.5629821388332619,0.012048461999369077,0,0,7.014392930722602,0,0.025666666666666706,0,26.314738658874838,0,450,0.1267663953333187,6.439293542825908e-15,-3.375077994860476e-14,2.42861286636753e-16
13.75,6.260129767389831,2.9905472639733404,0,0.41493790238391665,72.4793057230792,3.9442192533126468,1.6794849076801448,0.013869973933064075,0,0,7.520694276920773,0,0.02750000000000005,0,26.40694833742246,0,450,0.12740617143338803,7.105427357601002e-15,-3.375077994860476e-14,6.973588373426765e-16
14.666666666666666,6.316657668511675,3.020289535797953,0,0.4437959569197386,71.97235500976713,3.940296175271866,1.7965664316801946,0.01582327045083607,0,0,8.02764499023284,0,0.029333333333333392,0,26.498807695088523,0,450,0.12803059653595322,6.661338147750939e-15,-3.197442310920451e-14,2.636779683484747e-16
15.583333333333334,6.373361732631848,3.0501359470137963,0,0.47280579373924997,71.46476738272236,3.936351492997423,1.9142125196348014,0.017909046249915506,0,0,8.53523261727762,0,0.03116666666666674,0,26.59029385949719,0,450,0.12863941531071252,7.549516567451064e-15,-2.3092638912203256e-14,7.147060721024445e-16
16.5,6.4302315332834405,3.080081624462893,0,0.5019676001102655,70.9565558762501,3.9323859621071717,2.0324087548845613,0.020127997027969687,0,0,9.043444123749863,0,0.033000000000000064,0,26.681384051195298,0,450,0.12923238923515853,7.993605777301127e-15,-3.019806626980426e-14,1.186550857568136e-15
17.416666666666668,6.487256539744608,3.1101216404150978,0,0.5312815114611938,70.44773411050521,3.92840034875229,2.1511405108673407,0.02248081924644793,0,0,9.552265889494759,0,0.0348333333333334,0,26.772055589324268,0,450,0.12980929691007836,5.773159728050814e-15,-3.197442310920451e-14,1.6514567491299204e-15
18.333333333333332,6.54442612815749,3.140251017764215,0,0.5607476111290773,69.93831629608216,3.9243954288141287,2.270392966943396,0.024968209892619726,0,0,10.061683703917808,0,0.03666666666666672,0,26.86228589726752,0,450,0.13036993433127275,4.884981308350689e-15,-2.842170943040401e-14,3.469446951953614e-16
19.25,6.601729592760116,3.170464735283144,0,0.5903659301631643,69.42831723826919,3.9203719870896796,2.390151124446978,0.02759086624055961,0,0,10.571682761730775,0,0.038500000000000055,0,26.95205250827188,0,450,0.130914115116563,7.549516567451064e-15,-3.730349362740526e-14,8.118505867571457e-16
20.166666666666668,6.659156157202792,3.2007577329247074,0,0.6201364471842394,68.91775234096653,3.916330816467747,2.5103998229230644,0.03034948561133329,0,0,11.082247659033436,0,0.04033333333333339,0,27.041333071041667,0,450,0.13144167068732684,7.105427357601002e-15,-3.375077994860476e-14,3.885780586188048e-16
21.083333333333332,6.7166949859202045,3.231124917154635,0,0.6500590882998019,68.40663761026978,3.912272717097935,2.6311237565072743,0.03324476513264097,0,0,11.59336238973018,0,0.04216666666666671,0,27.130105355304007,0,450,0.13195245040398107,7.993605777301127e-15,-3.730349362740526e-14,-2.7755575615628914e-17
22,6.774335195530289,3.261561166303073,0,0.6801337270750331,67.89498965772049,3.9081984955545805,2.752307490406561,0.03627740149817351,0,0,12.105010342279476,0,0.044000000000000046,0,27.21834725734404,0,450,0.13244632165500514,7.549516567451064e-15,-3.730349362740526e-14,-4.510281037539698e-16
22.916666666666668,6.8320658662307725,3.2920613359209345,0,0.7103601845593629,67.38282570322642,3.9041089639977806,2.8739354774379997,0.039448090726936634,0,0,12.617174296773547,0,0.04583333333333338,0,27.30603680550858,0,450,0.13292316989927994,7.105427357601002e-15,-3.730349362740526e-14,1.3877787807814457e-17
23.833333333333332,6.889876053164388,3.3226202641274036,0,0.7407382293682965,66.87016357765526,3.9000049393336633,2.995992074582879,0.0427575279227975,0,0,13.129836422344704,0,0.047666666666666704,0,27.39315216567693,0,450,0.1333828986616933,5.773159728050814e-15,-3.375077994860476e-14,4.85722573273506e-16
24.75,6.9477547977238485,3.353232776934961,0,0.7712675778200276,66.3570217251059,3.8958872423760593,3.1184615595133365,0.04620640703450595,0,0,13.64297827489407,0,0.04950000000000004,0,27.479671646697426,0,450,0.13382542948214074,5.773159728050814e-15,-3.552713678800501e-14,9.506284648352903e-16
25.666666666666668,7.005691138767943,3.3838936935383854,0,0.8019478941262248,65.84341920486239,3.8917566970117066,3.241328147048985,0.04979542061644013,0,0,14.15658079513758,0,0.05133333333333337,0,27.565573705788392,0,450,0.13425070181822468,7.549516567451064e-15,-3.375077994860476e-14,5.273559366969494e-16
26.583333333333332,7.063674123720449,3.414597831554351,0,0.8327787906362406,65.32937569303638,3.8876141293711153,3.3645760055013567,0.05352525959032363,0,0,14.670624306963589,0,0.053166666666666695,0,27.65083695390215,0,450,0.13465867290212635,5.773159728050814e-15,-2.842170943040401e-14,1.1102230246251565e-16
27.5,7.121692819524031,3.4453400121984337,0,0.8637598281338661,64.81491148390444,3.883460367007184,3.4881892728644806,0.05739661300815727,0,0,15.185088516095536,0,0.05500000000000003,0,27.735440161050754,0,450,0.13504931755229066,6.217248937900877e-15,-2.4868995751603507e-14,5.759281940243e-16
28.416666666666668,7.1797363234218174,3.4761150653865815,0,0.8948905161856111,64.30004749094738,3.8792962380836338,3.6121520728106074,0.0614101678166042,0,0,15.699952509052599,0,0.05683333333333336,0,27.81936226159212,0,450,0.1354226279407279,7.105427357601002e-15,-2.3092638912203256e-14,1.5265566588595902e-16
29.333333333333332,7.237793773540035,3.506917834748414,0,0.9261703135393786,63.78480524759931,3.875122570575276,3.736448530450884,0.06556660862306267,0,0,16.21519475240066,0,0.058666666666666686,0,27.90258235947522,0,450,0.13577861331688645,5.773159728050814e-15,-3.197442310920451e-14,6.245004513516506e-16
30.25,7.295854359245811,3.537743182540028,0,0.957598628572268,63.26920690771468,3.8709401914820956,3.861062787821754,0.06986661746365498,0,0,16.730793092285296,0,0.06050000000000002,0,27.985079733443083,0,450,0.13611729968920663,6.217248937900877e-15,-2.1316282072803006e-14,2.0122792321330962e-16
31.166666666666668,7.353907331255059,3.5685859944443834,0,0.989174819786127,62.753275245762,3.866749926059056,3.9859790190589175,0.07431087357335495,0,0,17.24672475423798,0,0.06233333333333335,0,28.06683384219223,0,450,0.13643872946559807,6.217248937900877e-15,-2.1316282072803006e-14,6.661338147750939e-16
32.083333333333336,7.411942011466333,3.5994411842477576,0,1.020898196349364,62.23703365675367,3.8625525970634955,4.111181445221917,0.07890005315847048,0,0,17.762966343246326,0,0.06416666666666668,0,28.14782432948734,0,450,0.13674296105422143,7.993605777301127e-15,-7.105427357601002e-15,1.1379786002407855e-15
33,7.469947802497433,3.6303036983812005,0,1.0527680186834107,61.720506155921335,3.8583490240218987,4.236654348733728,0.08363482917168964,0,0,18.279493844078665,0,0.06599999999999998,0,28.228031029229797,0,450,0.13703006842607574,7.105427357601002e-15,0,7.494005416219807e-16
33.916666666666664,7.527914196902728,3.6611685203164135,0,1.0847834990921443,61.203717378146976,3.8541400225177695,4.362382087401171,0.08851587108989269,0,0,18.796282621853027,0,0.06783333333333327,0,28.307433970478947,0,450,0.13730014064100693,8.881784197001252e-15,3.552713678800501e-15,3.608224830031759e-16
34.833333333333336,7.585830786050115,3.692030674805994,0,1.116943802432453,60.686692577159874,3.849926403502239,4.488349107983479,0.09354384469492226,0,0,19.313307422840126,0,0.06966666666666659,0,28.386013382424704,0,450,0.13755328133885728,3.552713678800501e-15,0,-4.163336342344337e-17
35.75,7.643687268637917,3.7228852319585344,0,1.1492480468240625,60.16945762451014,3.8457089726289744,4.614539959278004,0.09871941185749789,0,0,19.830542375489863,0,0.07149999999999988,0,28.463749699310362,0,450,0.13778960819756952,7.993605777301127e-15,0,-4.3021142204224816e-16
36.666666666666664,7.701473458833025,3.753727311139618,0,1.1816953043966483,59.6520390083293,3.8414885296148693,4.740939304693735,0.10404323032445104,0,0,20.347960991670696,0,0.07333333333333318,0,28.540623565304347,0,450,0.1380092523601413,7.993605777301127e-15,-7.105427357601002e-15,6.938893903907228e-17
37.583333333333336,7.75917929401308,3.7845520846903686,0,1.2142846020721685,59.13446383188906,3.8372658676278864,4.867531934285056,0.10951595350944725,0,0,20.865536168110932,0,0.07516666666666649,0,28.616615839319675,0,450,0.1382123578324015,8.881784197001252e-15,-1.0658141036401503e-14,5.551115123125783e-16
38.5,7.816794842096609,3.8153547814557904,0,1.247014922380302,58.61675981196891,3.8330417727033654,4.994302776220047,0.11513823028735301,0,0,21.383240188031078,0,0.07699999999999979,0,28.691707599779967,0,450,0.138399080853637,7.993605777301127e-15,-1.0658141036401503e-14,1.6653345369377348e-16
39.416666666666664,7.874310308446519,3.8461306901157855,0,1.279885204304796,58.09895527704353,3.828817023189978,5.121236907659489,0.12091070479239582,0,0,21.90104472295646,0,0.07883333333333309,0,28.7658801493308,0,450,0.13856958924215435,7.105427357601002e-15,-1.0658141036401503e-14,-2.220446049250313e-16
40.333333333333336,7.931716042333602,3.8768751623123427,0,1.3128943441584702,57.581079165300764,3.8245923892264457,5.248319565024661,0.12683401622025373,0,0,22.41892083469923,0,0.0806666666666664,0,28.83911501949522,0,450,0.13872406171789947,7.993605777301127e-15,-7.105427357601002e-15,-6.245004513516506e-16
41.25,7.989002542948166,3.9075836155670602,0,1.3460411964845835,57.06316102250093,3.8203686322500094,5.375536153634004,0.13290879863420244,0,0,22.936838977499058,0,0.0824999999999997,0,28.911393975272276,0,450,0.13886268720428632,8.881784197001252e-15,-1.4210854715202004e-14,-1.249000902703301e-16
42.166666666666664,8.046160464949233,3.938251535983796,0,1.3793245749822158,56.545230999687774,3.81614650453757,5.502872256690673,0.13913568077543628,0,0,23.454769000312208,0,0.084333333333333,0,28.9826990196774,0,450,0.13898566411141067,7.993605777301127e-15,-1.7763568394002505e-14,-5.134781488891349e-16
43.083333333333336,8.103180623542185,3.9688744807318974,0,1.4127432534532844,56.02731985076136,3.811926748780298,5.630313643605027,0.1455152858776685,0,0,23.972680149238624,0,0.08616666666666631,0,29.05301239822356,0,450,0.13909319960282918,6.217248937900877e-15,-1.7763568394002505e-14,-9.159339953157541e-16
44,8.160053999077094,3.9994480803061045,0,1.446295966768781,55.509458929922694,3.8077100976924,5.757846277638079,0.15204823148610538,0,0,24.490541070077295,0,0.0879999999999996,0,29.122316603342,0,450,0.13918550884808842,6.217248937900877e-15,-1.0658141036401503e-14,-4.163336342344337e-16
44.916666666666664,8.216771741161399,4.0299680405598926,0,1.4799814118517987,54.99168018899957,3.8034972736546773,5.88545632285396,0.1587351292808793,0,0,25.00831981100042,0,0.0898333333333329,0,29.19059437874151,0,450,0.13926281426317705,1.0658141036401503e-14,-1.4210854715202004e-14,-1.6930901125533637e-15
45.833333333333336,8.273325172281861,4.060430144509616,0,1.5137982486748955,54.47401617466262,3.7992889883933465,6.013130150371375,0.16557658490501084,0,0,25.52598382533737,0,0.09166666666666622,0,29.25782872370511,0,450,0.1393253447410586,9.769962616701378e-15,-7.105427357601002e-15,-1.2073675392798577e-15
46.75,8.32970579093226,4.090830253907514,0,1.547745101269332,53.95650002553999,3.7950859426945422,6.140854343906062,0.17257319779696295,0,0,26.04349997446,0,0.09349999999999951,0,29.32400289732317,0,450,0.13937333487441453,7.105427357601002e-15,-1.0658141036401503e-14,-2.4841240175987878e-15
47.666666666666664,8.385905274244406,4.121164310582198,0,1.58182055874372,53.43916546923849,3.7908888261548137,6.268615704598154,0.1797255610278369,0,0,26.5608345307615,0,0.09533333333333281,0,29.389100422661713,0,450,0.1394070241726973,6.217248937900877e-15,-1.0658141036401503e-14,-3.760880495917718e-15
48.583333333333336,8.441915480121509,4.151428337545873,0,1.6160231763096236,52.92204681927852,3.7866983169678132,6.396401255120244,0.18703426114324787,0,0,27.07795318072147,0,0.09716666666666612,0,29.453105090865137,0,450,0.13942665627554732,8.881784197001252e-15,-1.0658141036401503e-14,-3.2751579226442118e-15
49.5,8.497728448874112,4.181618439868188,0,1.6503514763116551,52.405178971949155,3.782515081747299,6.524198243063855,0.19449987800990767,0,0,27.594821028050838,0,0.09899999999999942,0,29.51600096519205,0,450,0.13943247816458842,7.105427357601002e-15,-7.105427357601002e-15,-2.7755575615628914e-15
50.416666666666664,8.553336404360104,4.211730805317115,0,1.6848039492596354,51.888597403089065,3.7783397753864856,6.651994143603783,0.20212298466693215,0,0,28.11140259691093,0,0.10083333333333272,0,29.57777238498346,0,450,0.13942473937555672,3.552713678800501e-15,-3.552713678800501e-15,-4.9404924595819466e-15
51.333333333333336,8.608731754631446,4.24176170476786,0,1.7193790548603984,51.37233816479826,3.7741730409536767,6.779776661441576,0.20990414718187617,0,0,28.62766183520174,0,0.10266666666666603,0,29.63840396956215,0,450,0.1394036912126668,4.440892098500626e-15,-3.552713678800501e-15,-4.454769886308441e-15
52.25,8.663907092091424,4.271707492381357,0,1.7540752230468546,50.85643788208452,3.770015509624013,6.907533732031121,0.2178439245114918,0,0,29.14356211791547,0,0.10449999999999933,0,29.697880622062378,0,450,0.13936958596705268,5.329070518200751e-15,-1.0658141036401503e-14,-4.8433479449272454e-15
53.166666666666664,8.718855193167402,4.30156460555442,0,1.7888908550019542,50.34093374944755,3.7658678006471393,7.035253522090962,0.22594286836719243,0,0,29.65906625055244,0,0.10633333333333263,0,29.756187533188886,0,450,0.13932267614106084,6.217248937900877e-15,-1.0658141036401503e-14,-4.343747583845925e-15
54.083333333333336,8.773569017505006,4.331329564644106,0,1.8238243241752359,49.82586352740276,3.7617305213504446,7.162924429409538,0.23420152308519504,0,0,30.17413647259723,0,0.10816666666666594,0,29.813310184904328,0,450,0.13926321368009878,4.440892098500626e-15,-1.0658141036401503e-14,-3.858025010572419e-15
55,8.828041706690794,4.360998972469339,0,1.8588739772896758,49.311265538945776,3.7576042671775034,7.2905350819511066,0.24262042550130222,0,0,30.68873446105421,0,0.10999999999999924,0,29.869234354044167,0,450,0.1391914492136792,4.440892098500626e-15,-1.4210854715202004e-14,-6.022959908591474e-15
55.916666666666664,8.882266582511326,4.3905695135933325,0,1.8940381353366147,48.79717866595727,3.753489621761263,7.418074336271545,0.25120010483027655,0,0,31.20282133404272,0,0.11183333333333254,0,29.923946115858133,0,450,0.1391076313072227,5.329070518200751e-15,-1.0658141036401503e-14,-6.411537967210279e-15
56.833333333333336,8.936237144757586,4.420037953390721,0,1.929315094556581,48.28364234554686,3.749387157031416,7.54553127525463,0.25994108254974735,0,0,31.716357654453134,0,0.11366666666666585,0,29.977431847477412,0,450,0.13901200572611236,3.552713678800501e-15,-7.105427357601002e-15,-5.925815393936773e-15
57.75,8.989947068584453,4.4494011369038065,0,1.964703127403884,47.77069656633343,3.7452974333553857,7.67289520518072,0.2688438722885822,0,0,32.229303433666566,0,0.11549999999999915,0,30.029678231306647,0,450,0.1389048147134216,2.6645352591003757e-15,-7.105427357601002e-15,-7.202571872255703e-15
58.666666666666664,9.04339020143586,4.478655987492639,0,2.0002004834929146,47.25838186465797,3.741220999712255,7.800155652141056,0.2779089797196452,0,0,32.74161813534202,0,0.11733333333333244,0,30.08067225833992,0,450,0.13878629628266315,3.552713678800501e-15,-7.105427357601002e-15,-6.702971511174383e-15
59.583333333333336,9.096560559546974,4.5077995052840825,0,2.0358053905241498,46.74673932072377,3.737158393898898,7.927302357812058,0.2871369024568534,0,0,33.253260679276224,0,0.11916666666666575,0,30.130401231399922,0,450,0.13865668352683644,0,-7.105427357601002e-15,-7.993605777301127e-15
60.5,9.149452324035446,4.536828765425347,0,2.0715160551879275,46.23581055465739,3.7331101427675555,8.054325274605153,0.2965281299564366,0,0,33.764189445342595,0,0.12099999999999905,0,30.178852768299468,0,450,0.13851620394498332,1.7763568394002505e-15,-1.4210854715202004e-14,-7.494005416219807e-15
61.416666666666664,9.202059836594586,4.565740916147763,0,2.1073306640441203,45.725637722482354,3.7290767624940018,8.181214560208758,0.30608314342229354,0,0,34.27436227751763,0,0.12283333333333235,0,30.226014804924564,0,450,0.13836507878739301,3.552713678800501e-15,-1.4210854715202004e-14,-6.994405055138486e-15
62.333333333333336,9.254377594801804,4.594533176646956,0,2.1432473843759183,45.21626351199624,3.725058758875425,8.307960571540004,0.31580241571533196,0,0,34.78373648800375,0,0.12466666666666566,0,30.27187559823831,0,450,0.13820352242053466,7.105427357601002e-15,-1.4210854715202004e-14,-7.396860901565105e-15
63.25,9.306400247056354,4.623202834785797,0,2.179264365015996,44.70773113854017,3.721056627657083,8.434553858124815,0.3256864112666701,0,0,35.29226886145982,0,0.126499999999999,0,30.31642372920483,0,450,0.1380317417127332,3.552713678800501e-15,-1.4210854715202004e-14,-8.715250743307479e-15
64.16666666666667,9.35812258716095,4.651747244626827,0,2.215379737143426,44.20008434064821,3.7170708548867637,8.560985154925776,0.33573558599457104,0,0,35.799915659351775,0,0.12833333333333236,0,30.35964810563253,0,450,0.13784993544154941,-1.7763568394002505e-15,-1.4210854715202004e-14,-9.159339953157541e-15
65.08333333333333,9.409539548562373,4.680163823801053,0,2.2515916150497715,43.693367375562815,3.7131019172959974,8.687245374638168,0.3459503872249712,0,0,36.30663262443717,0,0.13016666666666568,0,30.401537964936,0,450,0.13765829372376998,-1.7763568394002505e-15,-1.4210854715202004e-14,-8.68749516769185e-15
66,9.460646198266605,4.708450050720337,0,2.287898096872876,43.1876250146004,3.709150282706999,8.813325599475283,0.3563312536154615,0,0,36.812374985399586,0,0.13199999999999903,0,30.442082876815817,0,450,0.13745699746886328,-1.7763568394002505e-15,-1.4210854715202004e-14,-1.0019762797242038e-14
66.91666666666667,9.511437730444607,4.736603461640746,0,2.3242972652969565,42.682902538350156,3.7052164104642076,8.939217072464883,0.36687861508256825,0,0,37.31709746164983,0,0.1338333333333324,0,30.481272745855605,0,450,0.13724621785671648,-5.329070518200751e-15,-1.4210854715202004e-14,-9.575673587391975e-15
67.83333333333333,9.561909459745168,4.764621647584462,0,2.3607871882176807,42.1792457316869,3.70130075188929,9.064911188279492,0.37759289273217866,0,0,37.82075426831309,0,0.13566666666666571,0,30.51909781403576,0,450,0.13702611584042373,-3.552713678800501e-15,-1.4210854715202004e-14,-9.992007221626409e-15
68.75,9.612056814331737,4.792502251128105,0,2.3973659193710155,41.67670087857751,3.6974037507584456,9.19039948362381,0.38847449879294815,0,0,38.32329912142247,0,0.13749999999999907,0,30.555548663163098,0,450,0.13679684167486797,-3.552713678800501e-15,-1.4210854715202004e-14,-1.0436096431476471e-14
69.66666666666667,9.661875328660525,4.820242963065424,0,2.43403149892469,41.175314756658715,3.693525843800789,9.315673627203164,0.3995238365525196,0,0,38.82468524334127,0,0.13933333333333242,0,30.590616217215956,0,450,0.13655853447180188,-7.105427357601002e-15,-1.4210854715202004e-14,-1.176836406102666e-14
70.58333333333333,9.711361088527985,4.847841674478806,0,2.470781131611222,40.67513607776478,3.6896674719357527,9.440725472311092,0.4107415776930716,0,0,39.3248639222352,0,0.14116666666666577,0,30.624291744604037,0,450,0.13632099058721395,-8.881784197001252e-15,-1.4210854715202004e-14,-1.3100631690576847e-14
71.5,9.760508916742436,4.875295853052683,0,2.5076144827484486,40.17620968036523,3.6858290373728084,9.56554680143242,0.4221275488888427,0,0,39.82379031963475,0,0.14299999999999913,0,30.656566860342522,0,450,0.1360553273406939,-1.2434497875801753e-14,-1.4210854715202004e-14,-1.2656542480726785e-14
72.41666666666667,9.809315070091511,4.902603466618363,0,2.5445287267033847,39.67858525085666,3.682010970162656,9.690129670840951,0.43368240742768016,0,0,40.32141474914332,0,0.14483333333333248,0,30.6874335281399,0,450,0.13579063817663894,-1.2434497875801753e-14,-1.4210854715202004e-14,-1.3988810110276972e-14
73.33333333333333,9.857775431433309,4.9297623632429515,0,2.5815218545033223,39.18231148188386,3.6782136842076736,9.814466169425046,0.4454065202454483,0,0,40.81768851811613,0,0.1466666666666658,0,30.716884062398904,0,450,0.1355173530572585,-1.4210854715202004e-14,-1.4210854715202004e-14,-1.3516965324811281e-14
74.25,9.9058859505579,4.956770420932624,0,2.6185918459706317,38.68743752831876,3.6744375891269283,9.938548462515257,0.4573002450540857,0,0,41.312562471681225,0,0.14849999999999916,0,30.744911130130234,0,450,0.13523554967942933,-1.4210854715202004e-14,-1.4210854715202004e-14,-1.3072876114961218e-14
75.16666666666667,9.95364263579564,4.983625543719597,0,2.6557366700712475,38.19401299990116,3.6706830908539954,10.06236877987742,0.46936393029092077,0,0,41.805987000098824,0,0.15033333333333251,0,30.771507752778373,0,450,0.1349452925212171,-1.4210854715202004e-14,-1.4210854715202004e-14,-1.3516965324811281e-14
76.08333333333333,10.001041545497452,5.010325657684363,0,2.6929542852204125,37.70208795344622,3.666950592246541,10.185919403471749,0.48159791506950766,0,0,42.29791204655377,0,0.15216666666666584,0,30.796667307959225,0,450,0.13464663260093226,-1.2434497875801753e-14,-1.4210854715202004e-14,-1.3933298959045715e-14
77,10.048078779407026,5.0368687069225695,0,2.730242639545311,37.211712884582575,3.663240493706241,10.309192655006704,0.4940025291317845,0,0,42.78828711541741,0,0.1539999999999992,0,30.820383531109044,0,450,0.1343396072679145,-1.4210854715202004e-14,-1.4210854715202004e-14,-1.3489209749195652e-14
77.91666666666667,10.094750469945344,5.063252649466045,0,2.7675996711042883,36.722938718983585,3.6595531938075365,10.432180883317047,0.5065780928013541,0,0,43.2770612810164,0,0.15583333333333255,0,30.84265051704426,0,450,0.1340242400257136,-1.2434497875801753e-14,-1.4210854715202004e-14,-1.2156942119645464e-14
78.83333333333333,10.141052773428155,5.0894754531677115,0,2.8050233080625055,36.23581680305182,3.655889089933735,10.554876451596082,0.5193249169376924,0,0,43.76418319694817,0,0.15766666666666587,0,30.86346272143184,0,450,0.13370054038835202,-1.5987211554602254e-14,-1.4210854715202004e-14,-1.2573275753879898e-14
79.75,10.186981861237479,5.115535091560244,0,2.842511468823936,35.750398894016065,3.6522485789189036,10.677271724512758,0.532243302891081,0,0,44.24960110598392,0,0.15949999999999923,0,30.882814962169792,0,450,0.1333685037703737,-1.5987211554602254e-14,-1.4210854715202004e-14,-1.301736496372996e-14
80.66666666666667,10.23253391096854,5.141429539698577,0,2.880062062119721,35.26673714939827,3.648632057693978,10.799359055244919,0.5453335424580638,0,0,44.73326285060172,0,0.16133333333333258,0,30.90070242067746,0,450,0.13302811141140597,-1.9539925233402755e-14,-1.4210854715202004e-14,-1.3461454173580023e-14
81.58333333333333,10.277705097573932,5.167156769996479,0,2.91767298705304,34.78488411580613,3.6450399239354807,10.9211307724607,0.5585959178372318,0,0,45.21511588419386,0,0.1631666666666659,0,30.91712064309534,0,450,0.13267933033598495,-1.7763568394002505e-14,-1.4210854715202004e-14,-1.2989609388114332e-14
82.5,10.322491584527192,5.19271474806771,0,2.9553421331007215,34.3048927170061,3.641472576715205,11.042579167280774,0.572030701585134,0,0,45.69510728299389,0,0.16499999999999926,0,30.932065541394042,0,450,0.13232211334941757,-1.7763568394002505e-14,-1.4210854715202004e-14,-1.3433698597964394e-14
83.41666666666667,10.366889515028403,5.2181014285823615,0,2.9930673800719343,33.8268162412299,3.637930417149185,11.16369648025483,0.5856381565721154,0,0,46.17318375877009,0,0.1668333333333326,0,30.94553339439219,0,450,0.13195639907048165,-1.5987211554602254e-14,-1.4210854715202004e-14,-1.2989609388114332e-14
84.33333333333333,10.410895003274822,5.243314751149314,0,3.030846598024433,33.35070832766661,3.6344138490442237,11.284474888386475,0.5994185359378913,0,0,46.649291672333376,0,0.16866666666666594,0,30.957520848682975,0,450,0.13158211200178627,-1.5987211554602254e-14,-1.4210854715202004e-14,-1.429412144204889e-14
85.25,10.454504125820025,5.26835263623587,0,3.0686776471389083,32.876622952090976,3.630923279540244,11.404906492241478,0.6133720830466604,0,0,47.12337704790901,0,0.1704999999999993,0,30.968024919469126,0,450,0.13119916263864034,-1.5987211554602254e-14,-1.4210854715202004e-14,-1.5626389071599078e-14
86.16666666666667,10.497712913045437,5.293212981135876,0,3.1065583775521355,32.40461441157817,3.6274591197466446,11.524983303175027,0.6274990314415664,0,0,47.59538558842181,0,0.17233333333333264,0,30.977042991306114,0,450,0.13080744761729718,-1.0658141036401503e-14,-1.4210854715202004e-14,-1.607047828144914e-14
87.08333333333333,10.540517340768659,5.317893655997904,0,3.144486629149712,31.934737308253823,3.6240217853708367,11.64469723071461,0.6417996047983223,0,0,48.06526269174616,0,0.17416666666666597,0,30.98457281875337,0,450,0.1304068499034608,-1.5987211554602254e-14,-1.4210854715202004e-14,-1.559863349598345e-14
88,10.582913322013404,5.342392499925241,0,3.182460231319298,31.46704653202764,3.6206116973370865,11.764040070135769,0.6562740168778143,0,0,48.53295346797234,0,0.17599999999999932,0,30.990612526933386,0,450,0.1299972390219538,-1.2434497875801753e-14,-2.1316282072803006e-14,-1.6042722705833512e-14
88.91666666666667,10.624896698966339,5.366707317159721,0,3.220477002665383,31.00159724225874,3.6172292823937453,11.883003490268955,0.6709224714775015,0,0,48.998402757741246,0,0.17783333333333268,0,30.995160611998553,0,450,0.1295784713284544,-1.4210854715202004e-14,-1.4210854715202004e-14,-1.559863349598345e-14
89.83333333333333,10.66646323514664,5.390835873361627,0,3.258534750686747,30.538444848299957,3.613874973706899,12.001579021576472,0.6857451623814441,0,0,49.461555151700026,0,0.179666666666666,0,30.998215941505606,0,450,0.12915039032421413,-1.4210854715202004e-14,-1.4210854715202004e-14,-1.6014967130217883e-14
90.75,10.679364719453078,5.401477449319269,0.041522449184328035,3.296563466257077,30.077802113956434,3.6105535957892956,12.119670294642873,0.7007422104291054,0,0,49.92219788604355,0,0.18149999999999936,0,30.999777754697593,0,450,0.128436259689112,-1.7763568394002505e-14,-1.4210854715202004e-14,-1.6459056340067946e-14
91.66666666666667,10.68405946038626,5.408247805212313,0.09431651263543527,3.3344534350015658,29.620221711420257,3.6072794726715376,12.236990435645335,0.7159132224097459,0,0,50.37977828857972,0,0.1833333333333327,0,30.999845662693303,0,450,0.12757389199562438,-1.4210854715202004e-14,-2.1316282072803006e-14,-1.6903145549918008e-14
92.58333333333333,10.688442029649789,5.414861895625575,0.14675485697144247,3.372203746434737,29.16577576039305,3.6040535402325724,12.35352008972535,0.7312575610437936,0,0,50.83422423960693,0,0.18516666666666604,0,30.998419648584097,0,450,0.1267106421445702,-1.7763568394002505e-14,-2.1316282072803006e-14,-1.7319479184152442e-14
93.5,10.692513237028434,5.421319964436961,0.1988370809598454,3.4098134979348838,28.71450285973413,3.6008758109819765,12.469258365255133,0.7467745848949943,0,0,51.28549714026586,0,0.1869999999999994,0,30.9955000674381,0,450,0.12584634913460477,-1.4210854715202004e-14,-1.4210854715202004e-14,-1.687538997430238e-14
94.41666666666667,10.696273832726673,5.427622228238594,0.2505627150967742,3.4472817944248404,28.26644142245704,3.5977463048089726,12.584204218892753,0.7624636484058577,0,0,51.733558577542944,0,0.18883333333333274,0,30.99108764621182,0,450,0.12498084425416878,-1.5987211554602254e-14,-2.1316282072803006e-14,-1.6431300764452317e-14
95.33333333333333,10.69972450505764,5.433768875215784,0.3019312185571515,3.4846077480424875,27.821629653586598,3.594665049322997,12.698356448804704,0.7783241019316265,0,0,52.17837034641339,0,0.19066666666666607,0,30.985183483569113,0,450,0.12411395167100223,-1.2434497875801753e-14,-1.4210854715202004e-14,-1.684763439868675e-14
96.25,10.702865878346035,5.4397600641256485,0.35294197639262564,3.521790477802051,27.380105527161284,3.591632080166665,12.811713688439093,0.7943552917727171,0,0,52.6198944728387,0,0.19249999999999942,0,30.977789049607647,0,450,0.12324548904234404,-1.9539925233402755e-14,-1.4210854715202004e-14,-1.6403545188836688e-14
97.16666666666667,10.705698511051205,5.445595923378408,0.40359429698575416,3.5588291092472897,26.941906762372508,3.588647441300184,12.924274400868265,0.8105565602055924,0,0,53.05809323762748,0,0.19433333333333278,0,30.968906185492834,0,450,0.12237526814555956,-1.2434497875801753e-14,-7.105427357601002e-15,-1.5959455978986625e-14
98.08333333333333,10.708222894116542,5.451276550224394,0.4538874097688172,3.5957227740977107,26.50707079883457,3.5857111852562764,13.036036873719517,0.8269272455120347,0,0,53.492929201165424,0,0.1961666666666661,0,30.95853710299942,0,450,0.12150309552888619,-1.7763568394002505e-14,-7.105427357601002e-15,-1.7263968032921184e-14
99,10.710439449551192,5.456802010049665,0.5038204632154777,3.6324706098889563,26.075634770981793,3.5828233733647186,13.146999214712098,0.8434666820067862,0,0,53.9243652290182,0,0.19799999999999945,0,30.94668438396073,0,450,0.1206287731819213,-2.3092638912203256e-14,-7.105427357601002e-15,-1.6819878823071122e-14
99.91666666666667,10.712348529249898,5.462172335783136,0.5533925231133358,3.669071759608527,25.647635481592243,3.5799840759455717,13.25715934781845,0.8601742000635322,0,0,54.352364518407754,0,0.1998333333333328,0,30.933350979625843,0,450,0.11975209922540744,-1.9539925233402755e-14,0,-1.637578961322106e-14
100.83333333333333,10.71395041405662,5.467387527417995,0.6026025711252445,3.705525371328046,25.223109374440103,3.5771933724702545,13.366515010067136,0.8770491261392097,0,0,54.77689062555989,0,0.20166666666666613,0,30.918540209924743,0,450,0.11887286861978832,-1.7763568394002505e-14,-7.105427357601002e-15,-1.6792123247455493e-14
101.75,10.715245313077373,5.472447551650064,0.6514495036469975,3.7418305978332844,24.802092506082346,3.574451351689597,13.475063749004365,0.894090782796628,0,0,55.197907493917654,0,0.2034999999999995,0,30.90225576264166,0,450,0.1179908738919206,-1.5987211554602254e-14,0,-1.7236212457305555e-14
102.66666666666667,10.716233363247415,5.477352341635706,0.6999321309687249,3.7779865962531725,24.38462051678857,3.571758111728065,13.582802920830424,0.9112984887253892,0,0,55.615379483211434,0,0.20533333333333284,0,30.88450169249685,0,450,0.11710590587922971,-1.7763568394002505e-14,7.105427357601002e-15,-1.6792123247455493e-14
103.58333333333333,10.716914629157747,5.482101796871692,0.7480491767470377,3.8139925276890687,23.9707286006265,3.5691137601433716,13.689729689226674,0.9286715587611111,0,0,56.0292713993735,0,0.20716666666666617,0,30.865282420137007,0,450,0.11621775449049236,-1.7763568394002505e-14,0,-1.8096635301390052e-14
104.5,10.717289103145442,5.486695783199333,0.7957992777945796,3.849847556845552,23.56045147471947,3.566518413950736,13.795841024887878,0.9462093039029553,0,0,56.43954852528053,0,0.20899999999999952,0,30.844602731034524,0,450,0.1153262094823133,-1.7763568394002505e-14,0,-1.8540724511240114e-14
105.41666666666667,10.717356276246049,5.4911338900124225,0.8431801181581905,3.8855499853948015,23.15383048814781,3.563972319842742,13.901131781251458,0.9639115114399769,0,0,56.846169511852196,0,0.21083333333333287,0,30.822467774295966,0,450,0.11432300192618884,-1.7763568394002505e-14,7.105427357601002e-15,-1.8096635301390052e-14
106.33333333333333,10.717116863037072,5.495416405191755,0.8901918997522197,3.921100718476941,22.750884969773594,3.5614753723437493,14.005602407015965,0.9817765205579623,0,0,57.24911503022642,0,0.2126666666666662,0,30.79888306137996,0,450,0.11353211643184732,-1.2434497875801753e-14,1.4210854715202004e-14,-1.762479051592436e-14
107.25,10.71657020641033,5.499542849039072,0.9368321288880194,3.9564980613945435,22.351655211239347,3.5590278377133835,14.109247360651075,0.999804114919095,0,0,57.64834478876066,0,0.21449999999999955,0,30.77385446472489,0,450,0.11262913980479558,-1.4210854715202004e-14,7.105427357601002e-15,-1.8068879725774423e-14
108.16666666666667,10.715716016006045,5.503512955370255,0.9830990994543365,3.9917411896491792,21.95617369871891,3.556629870309324,14.212062850798446,1.0179935903186121,0,0,58.04382630128111,0,0.2163333333333329,0,30.7473882162867,0,450,0.11172194307806713,-2.1316282072803006e-14,2.1316282072803006e-14,-1.8512968935624485e-14
109.08333333333333,10.714553933752777,5.507326426297572,1.0289910224062688,4.02682928056808,21.564472276175092,3.554281633515413,14.314044901802742,1.0363442387780217,0,0,58.43552772382492,0,0.21816666666666623,0,30.719490905987158,0,450,0.1108103273625876,-2.1316282072803006e-14,1.4210854715202004e-14,-1.892930256985892e-14
110,10.71308353561398,5.510982933016685,1.0745060275724463,4.0617615129715885,21.176582110231095,3.551983299541246,14.41518935772758,1.0548553485528605,0,0,58.82341788976892,0,0.21999999999999958,0,30.69016948007303,0,450,0.10989409853721872,-1.7763568394002505e-14,1.4210854715202004e-14,-1.8485213360008856e-14
110.91666666666667,10.71130433361798,5.514482116728117,1.1196421658116842,4.096537066851366,20.79253365445121,3.549735049182857,14.51549188714811,1.0735262041389413,0,0,59.20746634554881,0,0.22183333333333294,0,30.6594312393865,0,450,0.10897306809796789,-2.6645352591003757e-14,1.4210854715202004e-14,-1.892930256985892e-14
111.83333333333333,10.70921577817182,5.517823589693534,1.1643974115209053,4.131155123060718,20.41235661308406,3.5475370715442986,14.614947988724156,1.092356086277155,0,0,59.58764338691596,0,0.22366666666666626,0,30.627283837547317,0,450,0.10804705401053506,-1.9539925233402755e-14,1.4210854715202004e-14,-1.9345636204093353e-14
112.75,10.70681726065869,5.521006936426831,1.2087696654952265,4.165614863018336,20.03607990432694,3.5453895637200272,14.713552997555981,1.1113442719568751,0,0,59.963920095673075,0,0.22549999999999962,0,30.59373527904708,0,450,0.10711588156396801,-2.3092638912203256e-14,1.4210854715202004e-14,-1.890154699424329e-14
113.66666666666667,10.704108116317819,5.52403171501967,1.2527567581401482,4.19991546842679,19.663731623175146,3.543292730438093,14.811302092322475,1.130490034418028,0,0,60.33626837682487,0,0.22733333333333297,0,30.558793917256185,0,450,0.10617938422303855,-2.1316282072803006e-14,1.4210854715202004e-14,-1.9345636204093353e-14
114.58333333333333,10.701087627404938,5.526897458600704,1.2963564530347786,4.234056121007087,19.295339003925253,3.541246783664272,14.908190303199433,1.1497926431519068,0,0,60.704660996074765,0,0.2291666666666663,0,30.522468452343887,0,450,0.10523740447680026,-1.7763568394002505e-14,1.4210854715202004e-14,-1.9761969838327786e-14
115.5,10.697755026630501,5.529603676927291,1.339566450843935,4.268036002250569,18.93092838240683,3.539251942167366,15.004212520553112,1.1692513639007995,0,0,61.06907161759319,0,0.23099999999999965,0,30.484767929112003,0,450,0.10428979468063218,-1.9539925233402755e-14,2.1316282072803006e-14,-1.9317880628477724e-14
116.41666666666667,10.694109500871887,5.532149858108076,1.382384393575812,4.301854293189422,18.570525158022345,3.5373084310460547,15.099363504401726,1.1888654586565126,0,0,61.429474841977665,0,0.232833333333333,0,30.445701734742844,0,450,0.10333641788892867,-1.7763568394002505e-14,1.4210854715202004e-14,-1.887379141862766e-14
117.33333333333333,10.690150195154846,5.534535470454356,1.4248078691807198,4.335510174187037,18.214153755680073,3.5354164812177995,15.193637894634856,1.208634185657878,0,0,61.78584624431995,0,0.23466666666666633,0,30.405279596461842,0,450,0.10237714867545511,-2.3092638912203256e-14,2.1316282072803006e-14,-1.9290125052862095e-14
118.25,10.685876216898441,5.536759964457622,1.466834416485132,4.36900282474944,17.86183758771001,3.5335763288704496,15.287030221977995,1.2285567993873419,0,0,62.13816241229001,0,0.23649999999999968,0,30.363511579115542,0,450,0.10141187393825976,-1.9539925233402755e-14,2.1316282072803006e-14,-1.8846035843012032e-14
119.16666666666667,10.68128664041663,5.538822774890218,1.5084615304539497,4.402331423358937,17.51359901585799,3.531788214877328,15.379534919686478,1.2486325505667246,0,0,62.48640098414204,0,0.23833333333333304,0,30.32040808266553,0,450,0.10044049368591068,-1.7763568394002505e-14,2.842170943040401e-14,-1.840194663316197e-14
120.08333333333333,10.676380511668592,5.54072332302549,1.5496866677725722,4.435495147331147,17.16945931345752,3.530052384176758,15.471146335950083,1.2688606861522636,0,0,62.8305406865425,0,0.24016666666666636,0,30.275979839598897,0,450,0.09946292180172378,-1.9539925233402755e-14,2.1316282072803006e-14,-1.8818280267396403e-14
121,10.671156853248691,5.542461018973289,1.5905072527389323,4.468493172696464,16.829438627883867,3.528369085117113,15.561858746986438,1.289240449329045,0,0,63.17056137211614,0,0.24199999999999972,0,30.23023791225593,0,450,0.09847908678255339,-1.7763568394002505e-14,7.105427357601002e-15,-1.837419105754634e-14
121.91666666666667,10.665614669605889,5.544035264126138,1.630920683454234,4.501324674107007,16.49355594339902,3.526738568768652,15.65166637079822,1.3097710795049369,0,0,63.50644405660099,0,0.24383333333333307,0,30.18319369007567,0,450,0.09748893244864557,-1.2434497875801753e-14,7.105427357601002e-15,-1.7930101847696278e-14
122.83333333333333,10.659752952481217,5.545445453710794,1.6709243382996835,4.533988824770026,16.161829044500053,3.525161088203563,15.740563381565885,1.3304518123041449,0,0,63.83817095549996,0,0.2456666666666664,0,30.13485888675999,0,450,0.0964924186209981,-1.7763568394002505e-14,1.4210854715202004e-14,-1.7458257062230587e-14
123.75,10.653570686550747,5.546690979439425,1.7105155826850118,4.566484796408678,15.834274479887178,3.52363689774579,15.828543924644393,1.351281879560514,0,0,64.16572552011283,0,0.24749999999999975,0,30.08524553735699,0,450,0.0954895217626389,-1.7763568394002505e-14,0,-1.7014167852380524e-14
124.66666666666667,10.647066855260263,5.547771232253979,1.7496917760531068,4.598811759250984,15.510907527170975,3.5221662521923993,15.915602132129049,1.372260509310697,0,0,64.48909247282903,0,0.2493333333333331,0,30.034365995264324,0,450,0.09448023558022185,-1.7763568394002505e-14,0,-1.7458257062230587e-14
125.58333333333333,10.640240446836751,5.5486856051568525,1.7884502791235979,4.630968882047809,15.191742158440835,3.5207494060083975,16.001732138952363,1.3933869257873297,0,0,64.80825784155917,0,0.2511666666666664,0,29.982232929153305,0,450,0.09346457158235583,-2.1316282072803006e-14,0,-1.8762769116165146e-14
126.5,10.633090460460583,5.549433496120321,1.8267884613567582,4.662955332120473,14.87679100681911,3.5193866124970743,16.0869280994705,1.41466034941234,0,0,65.1232089931809,0,0.2529999999999998,0,29.928859319814485,0,450,0.0924425595911208,-2.4868995751603507e-14,0,-1.9206858326015208e-14
127.41666666666667,10.625615912581138,5.550014311066698,1.864703708617626,4.694770275438635,14.566065334127094,3.5180781229481095,16.171184204494654,1.4360799967905284,0,0,65.43393466587291,0,0.25483333333333313,0,29.87425845692551,0,450,0.09141424820329415,-2.842170943040401e-14,0,-1.8762769116165146e-14
128.33333333333334,10.617815843357526,5.550427466910656,1.9021934310188608,4.726412876728986,14.259574999789962,3.516824185765847,16.25449469871962,1.4576450807035648,0,0,65.74042500021005,0,0.25666666666666654,0,29.818443935742096,0,450,0.09037970519790774,-2.4868995751603507e-14,1.4210854715202004e-14,-1.837419105754634e-14
129.25,10.609689323204977,5.5506723946546,1.9392550709194545,4.7578822996151215,13.9573284311084,3.5156250455802733,16.336853898498717,1.4793548101045366,0,0,66.04267156889162,0,0.2585,0,29.761429653712884,0,450,0.08933901788688156,-2.842170943040401e-14,1.4210854715202004e-14,-1.9817480989559044e-14
130.16666666666666,10.601235459426468,5.550748542527539,1.9758861110551151,4.789177706788956,13.659332595024406,3.5144809423434102,16.418256209911295,1.5012083901131952,0,0,66.34066740497563,0,0.26033333333333347,0,29.703229807019078,0,450,0.08829229340563931,-2.4868995751603507e-14,4.263256414560601e-14,-1.9484414082171497e-14
131.08333333333334,10.592453402908166,5.550655379157389,2.0120840827749213,4.82029826021387,13.365592971507779,3.5133921104139296,16.498696147066422,1.5232050220120474,0,0,66.63440702849225,0,0.262166666666667,0,29.643858887039684,0,450,0.08723965894079813,-2.842170943040401e-14,2.842170943040401e-14,-2.0095036745715333e-14
132,10.583342354856494,5.550392396766273,2.047846574357653,4.85124312135972,13.076113528688373,3.512358777632973,16.578168350583603,1.545343903243433,0,0,66.92388647131166,0,0.26400000000000046,0,29.583331676743256,0,450,0.08618126189224419,-2.842170943040401e-14,2.842170943040401e-14,-2.0650148258027912e-14
132.91666666666666,10.57390157355365,5.54995911437795,2.0831712393801944,4.882011451469689,12.790896699856518,3.5113811643942396,16.656667606189252,1.5676242274077392,0,0,67.20910330014351,0,0.2658333333333339,0,29.521663247007027,0,450,0.08511726996715671,-2.842170943040401e-14,2.842170943040401e-14,-2.0317081350640365e-14
133.83333333333334,10.564130381107898,5.549355081026196,2.1180558051094214,4.9126024118588765,12.509943362451205,3.5104594827115285,16.734188863365308,1.5900451842628947,0,0,67.49005663754883,0,0.26766666666666744,0,29.458868952864364,0,450,0.0840478712038213,-2.1316282072803006e-14,4.263256414560601e-14,-2.0039525594484076e-14
134.75,10.554028170174242,5.548579878952646,2.1524980808881686,4.943015164244388,12.233252819151422,3.5095939352870094,16.81072725398474,1.612605959725284,0,0,67.76674718084863,0,0.2695000000000009,0,29.394964429681472,0,450,0.08297327392338351,-1.4210854715202004e-14,4.263256414560601e-14,-1.970645868709653e-14
135.66666666666666,10.543594410620646,5.547633126782386,2.186495966485213,4.973248871106567,11.960822781181307,3.5087847145835744,16.88627811086706,1.6353057358722407,0,0,68.03917721881874,0,0.27133333333333437,0,29.32996558926428,0,450,0.081893706608029,-7.105427357601002e-15,4.263256414560601e-14,-1.9373391779708982e-14
136.58333333333334,10.53282865611457,5.54651448266537,2.2200474603786056,5.003302696080915,11.692649353934495,3.508032001904675,16.96083698618571,1.6581436909462433,0,0,68.30735064606554,0,0.2731666666666679,0,29.263888615896505,0,450,0.08080941770443793,-7.105427357601002e-15,4.263256414560601e-14,-1.9984014443252818e-14
137.5,10.52173055060442,5.545223647371647,2.253150667941339,5.033175804380077,11.428727025016482,3.507335966485108,17.034399669658452,1.6811189993609614,0,0,68.57127297498357,0,0.27500000000000135,0,29.196749962309884,0,450,0.07972067535174607,-1.0658141036401503e-14,5.684341886080802e-14,-1.965094753586527e-14
138.41666666666666,10.510299834670336,5.543760367328306,2.285803809498098,5.062867363245205,11.169048654796743,3.5066967645962186,17.106962206451247,1.7042308317092958,0,0,68.8309513452033,0,0.2768333333333348,0,29.128566345587544,0,450,0.07862776703365203,-3.552713678800501e-15,4.263256414560601e-14,-1.9317880628477724e-14
139.33333333333334,10.498536351718853,5.542124437586058,2.318005228221762,5.092376542425846,10.91360546955478,3.506114538669024,17.178520914726057,1.7274783547735324,0,0,69.08639453044526,0,0.27866666666666834,0,29.059354743001556,0,450,0.07753099915472937,-7.105427357601002e-15,4.263256414560601e-14,-1.9040324872321435e-14
140.25,10.486440053996128,5.54031570470345,2.349753397838471,5.12170251468739,10.662387057295463,3.505589416438711,17.24907240276319,1.7508607315377436,0,0,69.3376129427046,0,0.2805000000000018,0,28.98913238778572,0,450,0.07643069654144395,-7.105427357601002e-15,5.684341886080802e-14,-1.9595436384634013e-14
141.16666666666666,10.474011008394783,5.538334069536868,2.381046930110369,5.1508444563450295,10.415381366299838,3.505121510113964,17.31861358558963,1.774377121202571,0,0,69.5846186337002,0,0.28233333333333527,0,28.917916764844573,0,450,0.07532720186882079,-1.4210854715202004e-14,4.263256414560601e-14,-1.9262369477246466e-14
142.08333333333334,10.461249402029898,5.5361794899246854,2.411884582065611,5.179801547823025,10.172574706467977,3.504710915574489,17.387141701045728,1.7980266792024928,0,0,69.82742529353204,0,0.2841666666666688,0,28.845725606399803,0,450,0.07422087501416141,-1.4210854715202004e-14,1.4210854715202004e-14,-1.8984813721090177e-14
143,10.448155547560352,5.5338519832542445,2.44226526294591,5.20857297423795,9.93395175349973,3.50435771160006,17.45465432522417,1.8218085572256986,0,0,70.0660482465003,0,0.28600000000000225,0,28.772576887575006,0,450,0.07311209233966792,-1.4210854715202004e-14,2.842170943040401e-14,-1.9539925233402755e-14
143.91666666666666,10.434729888232518,5.531351628900658,2.4721880408427768,5.237157926004557,9.699495555948419,3.5040619591342903,17.521149387217207,1.8457219032366827,0,0,70.30050444405161,0,0.2878333333333357,0,28.698488821920023,0,450,0.07200124590628629,-1.4210854715202004e-14,2.842170943040401e-14,-2.0095036745715333e-14
144.83333333333334,10.420973002624265,5.528678570526943,2.501652148994628,5.265555599462709,9.469187545171234,3.5038237005862216,17.586625183110215,1.8697658615016477,0,0,70.53081245482879,0,0.28966666666666924,0,28.623479856875875,0,450,0.07088874262152826,-2.1316282072803006e-14,2.842170943040401e-14,-2.070565940925917e-14
145.75,10.406885609068338,5.525833018235457,2.5306569917181996,5.293765197523764,9.243007548188226,3.503642959172694,17.651080389162598,1.8939395726168133,0,0,70.75699245181181,0,0.2915000000000027,0,28.54756866918147,0,450,0.06977500332447092,-2.4868995751603507e-14,4.263256414560601e-14,-2.1260770921571748e-14
146.66666666666666,10.392468569735392,5.522815250561169,2.559202149949115,5.32178593033476,9.020933803449683,3.503519738304294,17.71451407412019,1.9182421735397284,0,0,70.97906619655035,0,0.29333333333333617,0,28.470774160223225,0,450,0.068660461811553,-2.4868995751603507e-14,2.842170943040401e-14,-2.09277040141842e-14
147.58333333333334,10.377722894358424,5.519625616297996,2.58728738636802,5.3496170159585335,8.802942979499694,3.5034540210175003,17.776925710606644,1.9426727976236464,0,0,71.19705702050034,0,0.2951666666666697,0,28.39311545132874,0,450,0.06754556380719129,-2.4868995751603507e-14,2.842170943040401e-14,-2.0650148258027912e-14
148.5,10.362649743581793,5.51626453615009,2.6149126500904583,5.377257681067983,8.589010196511053,3.5034457694554666,17.838315185545394,1.9672305746550443,0,0,71.41098980348899,0,0.29700000000000315,0,28.314611879005717,0,450,0.06643076588361808,-2.842170943040401e-14,4.263256414560601e-14,-2.0317081350640365e-14
149.41666666666666,10.347250431919653,5.512732504200741,2.6420780809005584,5.404707161652504,8.37910905065437,3.5034949243996434,17.898682809567838,1.991914630894352,0,0,71.62089094934568,0,0.2988333333333366,0,28.235282990127292,0,450,0.06531653433469031,-2.842170943040401e-14,4.263256414560601e-14,-2.0872192862952943e-14
150.33333333333334,9.918717998073513,5.3532467057731665,2.659126923093535,5.98852870969402,8.173533601242863,3.504685649834938,17.936569125552232,2.016948788917965,0,0,71.82646639875718,0,0.3006666666666701,0,28.155148537064996,0,450,0,-3.197442310920451e-14,4.263256414560601e-14,-2.0539125955565396e-14
151.25,8.853005556008089,4.943811394508638,2.659126923093535,7.433559079426805,7.978820544824024,3.5080248523481297,17.936569125552232,2.0470661725151293,0,0,72.02117945517601,0,0.30250000000000354,0,28.074228472770542,0,450,0,-3.552713678800501e-14,2.842170943040401e-14,-2.1094237467877974e-14
152.16666666666666,7.901798134590863,4.565691149282351,2.659126923093535,8.726431708535403,7.796357318465011,3.511680937558209,17.936569125552232,2.083521210050046,0,0,72.20364268153502,0,0.304333333333337,0,27.99254294580767,0,450,0,-3.552713678800501e-14,2.842170943040401e-14,-2.0761170560490427e-14
153.08333333333334,7.052792790517297,4.216490882679995,2.659126923093535,9.882513172724343,7.6248300724449045,3.515620478215891,17.936569125552232,2.1256453565370275,0,0,72.37516992755513,0,0.30616666666667053,0,27.910112295335296,0,450,0,-3.552713678800501e-14,4.263256414560601e-14,-2.1371793224034263e-14
154,6.295008465000285,3.8939986920749314,2.659126923093535,10.915597500429703,7.463076123864247,3.51981342097006,17.936569125552232,2.1728375449537443,0,0,72.53692387613579,0,0.308000000000004,0,27.826957046043184,0,450,0,-3.552713678800501e-14,2.842170943040401e-14,-2.1926904736346842e-14
154.91666666666666,5.618643954449529,3.5961718490052927,2.659126923093535,11.83806911435655,7.310067038060094,3.5242327412880705,17.936569125552232,2.2245572846472914,0,0,72.68993296193993,0,0.30983333333333746,0,27.743097903041438,0,450,0,-3.552713678800501e-14,2.842170943040401e-14,-2.1593837828959295e-14
155.83333333333334,5.014951141431182,3.3211238601333504,2.659126923093535,12.661048726344381,7.164893419364093,3.5288541341165267,17.936569125552232,2.280318474549752,0,0,72.83510658063591,0,0.311666666666671,0,27.658555746705062,0,450,0,-3.197442310920451e-14,0,-2.220446049250313e-14
156.75,4.476121846273133,3.0671125178286327,2.659126923093535,13.394523981911373,7.026751297421556,3.533655736544649,17.936569125552232,2.3396838564455282,0,0,72.97324870257846,0,0.31350000000000444,0,27.573351627474903,0,450,0,-3.197442310920451e-14,1.4210854715202004e-14,-2.275957200481571e-14
157.66666666666666,3.9951868358513574,2.8325288646847926,2.659126923093535,14.04746646051384,6.894929982816743,3.5386178791261393,17.936569125552232,2.4022600414086748,0,0,73.10507001718327,0,0.3153333333333379,0,27.487506760616192,0,450,0,-3.552713678800501e-14,1.4210854715202004e-14,-2.2426505097428162e-14
158.58333333333334,3.565925683334483,2.615887002069474,2.659126923093535,14.62793646748465,6.768801262029474,3.543722862867542,17.936569125552232,2.467693049570057,0,0,73.23119873797053,0,0.3171666666666714,0,27.401042520936123,0,450,0,-3.552713678800501e-14,0,-2.2148949341271873e-14
159.5,3.182786313009778,2.415814678152458,2.659126923093535,15.14317690162609,6.647809803810684,3.5489547592058894,17.936569125552232,2.535664309670334,0,0,73.35219019618933,0,0.3190000000000049,0,27.313980437461645,0,450,0,-3.907985046680551e-14,1.4210854715202004e-14,-2.270406085358445e-14
160.41666666666666,2.8408131895810387,2.2310445957947627,2.659126923093535,15.59969734659825,6.531464654769124,3.554299230579937,17.936569125552232,2.60588707048461,0,0,73.46853534523089,0,0.32083333333333836,0,27.226342188078867,0,450,0,-3.907985046680551e-14,1.4210854715202004e-14,-2.2370993946196904e-14
161.33333333333334,2.53558322313697,2.06040638524131,2.659126923093535,16.00334941284149,6.41933170979349,3.5597433694509837,17.936569125552232,2.6781031812388907,0,0,73.58066829020652,0,0.3226666666666719,0,27.138149594135434,0,450,0,-3.552713678800501e-14,1.4210854715202004e-14,-2.298161660974074e-14
162.25,2.263148560782999,1.9028191907705378,2.659126923093535,16.35939424826442,6.311027051844535,3.5652755538544083,17.936569125552232,2.7520802026407014,0,0,73.68897294815548,0,0.32450000000000534,0,27.049424615007133,0,450,0,-3.907985046680551e-14,1.4210854715202004e-14,-2.2648549702353193e-14
163.16666666666666,2.0199855250018275,1.757284824343327,2.659126923093535,16.67256303894084,6.206211064931707,3.57088531776434,17.936569125552232,2.827608814172663,0,0,73.79378893506829,0,0.3263333333333388,0,26.960189342630166,0,450,0,-3.907985046680551e-14,0,-2.2315482794965646e-14
164.08333333333334,1.8029490383102327,1.6228814428852054,2.659126923093535,16.9471112343642,6.104583233274563,3.576563234733991,17.936569125552232,2.904500486899023,0,0,73.89541676672545,0,0.3281666666666723,0,26.870465996000387,0,450,0,-3.552713678800501e-14,1.4210854715202004e-14,-2.2926105458509483e-14
165,1.6092319447392394,1.4987577091524515,2.659126923093535,17.186867154310615,6.005877548450066,3.582300813435191,17.936569125552232,2.9825853942563576,0,0,73.99412245154996,0,0.3300000000000058,0,26.780276915640943,0,450,0,-3.197442310920451e-14,1.4210854715202004e-14,-2.348121697082206e-14
165.91666666666666,1.4363287020005266,1.384127399195848,2.659126923093535,17.395275565081207,5.909858454573929,3.5880904038647605,17.936569125552232,3.0617105361810832,0,0,74.09014154542609,0,0.33183333333333925,0,26.689644558039603,0,450,0,-3.552713678800501e-14,2.842170943040401e-14,-2.3148150063434514e-14
166.83333333333334,1.282002974732649,1.2782644222647892,2.659126923093535,17.575436750957248,5.816317269171184,3.593925113114239,17.936569125552232,3.141738054503981,0,0,74.18368273082883,0,0.3336666666666728,0,26.598591490057252,0,450,0,-2.842170943040401e-14,1.4210854715202004e-14,-2.2870594307278225e-14
167.75,1.144258709677142,1.180498221606797,2.659126923093535,17.730141551326607,5.725069024326753,3.5997987297147795,17.936569125552232,3.22254371984812,0,0,74.27493097567327,0,0.33550000000000624,0,26.50714038330892,0,450,0,-3.197442310920451e-14,2.842170943040401e-14,-2.2537527399890678e-14
168.66666666666666,1.0213143186700069,1.0902095270301861,2.659126923093535,17.861902784428608,5.635949678976571,3.6057056556722,17.936569125552232,3.304015572329865,0,0,74.36405032102346,0,0.3373333333333397,0,26.415314008518628,0,450,0,-2.842170943040401e-14,2.842170943040401e-14,-2.3092638912203256e-14
169.58333333333334,0.9115796355307513,1.006826432325848,2.659126923093535,17.97298343439327,5.5488136588308485,3.6116408453994797,17.936569125552232,3.386052700208796,0,0,74.45118634116919,0,0.3391666666666732,0,26.323135229849704,0,450,0,-3.197442310920451e-14,4.263256414560601e-14,-2.3703261575747092e-14
170.5,0.8136353488086898,0.9298207727017321,2.659126923093535,18.065421938663686,5.46353168545363,3.617599750836601,17.936569125552232,3.468564142284559,0,0,74.53646831454641,0,0.3410000000000067,0,26.23062699921172,0,450,0,-2.842170943040401e-14,4.263256414560601e-14,-2.3370194668359545e-14
171.41666666666666,0.726214644369056,0.8587047792839819,2.659126923093535,18.14105487748847,5.379988860503875,3.623578272121564,17.936569125552232,3.5514679013171606,0,0,74.62001113949617,0,0.34283333333334015,0,26.1378123505456,0,450,0,-2.842170943040401e-14,4.263256414560601e-14,-2.3925306180672123e-14
172.33333333333334,0.6481868203836819,0.7930279894937182,2.659126923093535,18.20153733551081,5.298082975122036,3.6295727132425624,17.936569125552232,3.6346900570704577,0,0,74.70191702487801,0,0.34466666666667367,0,26.044714394088366,0,450,0,-2.842170943040401e-14,5.684341886080802e-14,-2.453592884421596e-14
173.25,0.5785426628020385,0.732374393729174,2.659126923093535,18.248361177164345,5.217723017971189,3.6355797421605285,17.936569125552232,3.718163968763114,0,0,74.78227698202886,0,0.34650000000000714,0,25.95135631061881,0,450,0,-2.4868995751603507e-14,5.684341886080802e-14,-2.4202861936828413e-14
174.16666666666666,0.5163813921485583,0.6763598002796898,2.659126923093535,18.28287145225886,5.138827858559929,3.6415963549442845,17.936569125552232,3.8018295577715695,0,0,74.86117214144014,0,0.3483333333333406,0,25.857761345685628,0,450,0,-2.1316282072803006e-14,7.105427357601002e-14,-2.3869795029440866e-14
175.08333333333334,0.46089901281579726,0.6246294017804597,2.659126923093535,18.306281125483686,5.061325085229455,3.647619843507976,17.936569125552232,3.8856326623787396,0,0,74.93867491477062,0,0.3501666666666741,0,25.76395280381945,0,450,0,-1.4210854715202004e-14,7.105427357601002e-14,-2.4480417692984702e-14
176,0.4113779141628396,0.5768555277934544,2.659126923093535,18.319684303290323,4.985149979619268,3.653647766582976,17.936569125552232,3.9695244572120725,0,0,75.01485002038082,0,0.3520000000000076,0,25.669954042730172,0,450,0,-7.105427357601002e-15,8.526512829121202e-14,-2.4147350785597155e-14
176.91666666666666,0.3671775889192536,0.5327355692789205,2.659126923093535,18.324068113484905,4.9102446115716685,3.6596779235944856,17.936569125552232,4.053460930775606,0,0,75.08975538842842,0,0.35383333333334105,0,25.575788467490987,0,450,0,-1.0658141036401503e-14,8.526512829121202e-14,-2.4702462297909733e-14
177.83333333333334,0.3277263488462074,0.49199006181068144,2.659126923093535,18.320323376639724,4.8365570403276505,3.665708331147142,17.936569125552232,4.137402415162068,0,0,75.16344295967245,0,0.35566666666667457,0,25.48147952471076,0,450,0,-1.7763568394002505e-14,9.947598300641403e-14,-2.531308496145357e-14
178.75,0.29251393050485397,0.45436091539393375,2.659126923093535,18.309254193918445,4.764040609535109,3.6717372018544445,17.936569125552232,4.2213131626414455,0,0,75.23595939046498,0,0.35750000000000803,0,25.387050696695898,0,450,0,-2.1316282072803006e-14,9.947598300641403e-14,-2.5868196473766147e-14
179.66666666666666,0.26108489549478203,0.4196097796728531,2.659126923093535,18.291586562921882,4.6926533250611335,3.677762925274163,17.936569125552232,4.305160964369153,0,0,75.30734667493896,0,0.3593333333333415,0,25.292525495603456,0,450,0,-2.4868995751603507e-14,8.526512829121202e-14,-2.6423307986078726e-14
180.58333333333334,0.2330327398010533,0.38751653417293624,2.659126923093535,18.267976121538126,4.622357305896737,3.6837840507363664,17.936569125552232,4.388916806946554,0,0,75.37764269410337,0,0.361166666666675,0,25.19792745758675,0,450,0,-2.842170943040401e-14,1.1368683772161603e-13,-2.6145752229922437e-14
181.5,0.2079946360599436,0.3578778940149666,2.659126923093535,18.239015109378386,4.553118299585309,3.6897992718726407,17.936569125552232,4.472554563005376,0,0,75.4468817004148,0,0.3630000000000085,0,25.10328013693501,0,450,0,-2.842170943040401e-14,1.1368683772161603e-13,-2.6700863742235015e-14
182.41666666666666,0.18564674073970114,0.3305061222689176,2.659126923093535,18.20523862706937,4.484905254613677,3.69580741267474,17.936569125552232,4.5560507123806895,0,0,75.51509474538645,0,0.36483333333334195,0,25.008607100208515,0,450,0,-2.1316282072803006e-14,1.2789769243681803e-13,-2.6367796834847468e-14
183.33333333333334,0.16570000553928244,0.30522784079160875,2.659126923093535,18.1671302653385,4.417689943093175,3.701807414928503,17.936569125552232,4.639384090789283,0,0,75.58231005690698,0,0.36666666666667547,0,24.913931920370683,0,450,0,-2.1316282072803006e-14,1.5631940186722204e-13,-2.609024107869118e-14
184.25,0.14789643882957043,0.28188293201571807,2.659126923093535,18.12512716836732,4.351446627841442,3.7077983268846753,17.936569125552232,4.722535663246059,0,0,75.64855337215872,0,0.36850000000000893,0,24.819278170918547,0,450,0,-2.842170943040401e-14,1.5631940186722204e-13,-2.6645352591003757e-14
185.16666666666666,0.132005768782448,0.2603235247338629,2.659126923093535,18.079624589208333,4.286151768666599,3.713779293042407,17.936569125552232,4.805488319734023,0,0,75.71384823133356,0,0.3703333333333424,0,24.72466942001313,0,450,0,-2.842170943040401e-14,1.5631940186722204e-13,-2.7200464103316335e-14
186.08333333333334,0.1178224650285562,0.2404130574535216,2.659126923093535,18.03097998907952,4.22178376326491,3.719749544933892,17.936569125552232,4.888226690897066,0,0,75.77821623673526,0,0.3721666666666759,0,24.630129224611085,0,450,0,-3.197442310920451e-14,1.7053025658242404e-13,-2.781108676686017e-14
187,0.10516308032176863,0.22202541338989482,2.659126923093535,17.979516726994802,4.158322718680594,3.7257083928099815,17.936569125552232,4.970736981752198,0,0,75.84167728131956,0,0.3740000000000094,0,24.535681124599222,0,450,0,-3.552713678800501e-14,1.5631940186722204e-13,-2.836619827917275e-14
187.91666666666666,0.09386387782739367,0.20504412161757818,2.659126923093535,17.925527381391845,4.095750249750808,3.7316552181367975,17.936569125552232,5.053006821621849,0,0,75.90424975024935,0,0.37583333333334284,0,24.441348636933192,0,450,0,-3.197442310920451e-14,1.5631940186722204e-13,-2.8033131371785203e-14
188.83333333333334,0.08377871334539165,0.18936161932099624,2.659126923093535,17.869276741122622,4.034049301377431,3.737589466822521,17.936569125552232,5.135025128669657,0,0,75.96595069862273,0,0.37766666666667636,0,24.347155249781927,0,450,0,-3.197442310920451e-14,1.7053025658242404e-13,-2.864375403532904e-14
189.75,0.07477714507721851,0.17487857047054178,2.659126923093535,17.81100449932364,3.973203991836652,3.7435106431017346,17.936569125552232,5.216781987587264,0,0,76.02679600816352,0,0.37950000000000983,0,24.253124416679263,0,450,0,-3.197442310920451e-14,1.7053025658242404e-13,-2.919886554764162e-14
190.66666666666666,0.06674274648796523,0.16150323660877824,2.659126923093535,17.75092768023514,3.9131994746634473,3.7494183040120435,17.936569125552232,5.298268539126775,0,0,76.08680052533673,0,0.3813333333333433,0,24.15927955068414,0,450,0,-3.552713678800501e-14,1.7053025658242404e-13,-2.886579864025407e-14
191.58333333333334,0.05957160044231093,0.14915089576115137,2.659126923093535,17.689242825949677,3.8540218169358953,3.7553120544043144,17.936569125552232,5.379476880305526,0,0,76.14597818306429,0,0.3831666666666768,0,24.065644018550895,0,450,0,-3.197442310920451e-14,1.8474111129762605e-13,-2.858824288409778e-14
192.5,0.05317095513739839,0.13774330579047203,2.659126923093535,17.626127967302523,3.795657892038388,3.7611915424337847,17.936569125552232,5.460399974228271,0,0,76.2043421079618,0,0.3850000000000103,0,23.972241134911133,0,450,0,-3.197442310920451e-14,1.9895196601282805e-13,-2.914335439641036e-14
193.41666666666666,0.04745802444842893,0.1272082087959498,2.659126923093535,17.561744400635995,3.7380952852071507,3.7670564554846195,17.936569125552232,5.541031568578299,0,0,76.26190471479303,0,0.38683333333334374,0,23.879094156468508,0,450,0,-2.1316282072803006e-14,1.8474111129762605e-13,-2.881028748902281e-14
194.33333333333334,0.04235891717061737,0.11747887341755124,2.659126923093535,17.49623828994622,3.6813222103596828,3.7729065164852527,17.936569125552232,5.621366121924284,0,0,76.3186777896405,0,0.38866666666667726,0,23.786226276207955,0,450,0,-2.1316282072803006e-14,1.8474111129762605e-13,-2.853273173286652e-14
195.25,0.03780768130828985,0.10849367214654534,2.659126923093535,17.429742111928405,3.6253274368846347,3.7787414805761435,17.936569125552232,5.701398737075436,0,0,76.37467256311557,0,0.3905000000000107,0,23.693660617620807,0,450,0,-2.1316282072803006e-14,1.9895196601282805e-13,-2.90878432451791e-14
196.16666666666666,0.03374545104993241,0.10019569096483615,2.659126923093535,17.36237595964943,3.5701002252231864,3.784561132095429,17.936569125552232,5.781125100794475,0,0,76.42989977477703,0,0.3923333333333442,0,23.601420228947187,0,450,0,-2.1316282072803006e-14,2.1316282072803006e-13,-2.8754776337791554e-14
197.08333333333334,0.03011968539614442,0.09253236884046781,2.659126923093535,17.294248718975133,3.5156302702094804,3.7903652818513844,17.936569125552232,5.860541429246929,0,0,76.48436972979074,0,0.3941666666666777,0,23.50952807743714,0,450,0,-2.1316282072803006e-14,2.2737367544323206e-13,-2.936539900133539e-14
198,0.02688348859288801,0.08545516479579278,2.659126923093535,17.22545913044261,3.461907651258193,3.7961537646537407,17.936569125552232,5.939644418627383,0,0,76.53809234874203,0,0.3960000000000112,0,23.418007043631956,0,450,0,-2.842170943040401e-14,2.1316282072803006e-13,-2.992051051364797e-14
198.91666666666666,0.02399500358049737,0.07891925043944636,2.659126923093535,17.156096747979657,3.408922788593778,3.8019264370786585,17.936569125552232,6.018431200459076,0,0,76.59107721140644,0,0.39783333333334464,0,23.32687991566706,0,450,0,-2.1316282072803006e-14,2.2737367544323206e-13,-2.958744360626042e-14
199.83333333333334,0.021416870613302632,0.0728832260145694,2.659126923093535,17.086242804717564,3.3566664048100106,3.8076831754447,17.936569125552232,6.096899301113243,0,0,76.64333359519021,0,0.39966666666667816,0,23.236169383597908,0,450,0,-1.7763568394002505e-14,2.2737367544323206e-13,-3.019806626980426e-14
200.75,0.0191157440476381,0.06730885816467068,2.659126923093535,17.015970995106677,3.3051294911315106,3.813423873979356,17.936569125552232,6.175046605139691,0,0,76.6948705088687,0,0.4015000000000116,0,23.145898033750314,0,450,0,-2.1316282072803006e-14,2.1316282072803006e-13,-2.986499936241671e-14
201.66666666666666,0.017061861048357066,0.06216083775608545,2.659126923093535,16.945348181613696,3.2543032778222774,3.819148443157732,17.936569125552232,6.252871322040543,0,0,76.74569672217795,0,0.4033333333333451,0,23.056088343096626,0,450,0,-1.4210854715202004e-14,2.2737367544323206e-13,-2.9531932455029164e-14
202.58333333333334,0.015228656635492653,0.05740655622303371,2.659126923093535,16.874435033444716,3.20417920825117,3.8248568081968104,17.936569125552232,6.3303719561554415,0,0,76.79582079174907,0,0.4051666666666786,0,22.966762673659062,0,450,0,-1.4210854715202004e-14,2.4158453015843406e-13,-3.0142555118573e-14
203.5,0.01359242009206649,0.05301589901860215,2.659126923093535,16.803286603988802,3.1547489161814672,3.8305489076903325,17.936569125552232,6.407547279359218,0,0,76.84525108381877,0,0.4070000000000121,0,22.87794326694177,0,450,0,-1.0658141036401503e-14,2.2737367544323206e-13,-2.980948821118545e-14
204.41666666666666,0.012131988289014038,0.04896105486332702,2.659126923093535,16.73195285300384,3.1060042059022352,3.83622469237083,17.936569125552232,6.484396306302506,0,0,76.893995794098,0,0.40883333333334554,0,22.78965223839279,0,450,0,-1.0658141036401503e-14,2.4158453015843406e-13,-3.036459972349803e-14
205.33333333333334,0.010828471960683518,0.04521633958312375,2.659126923093535,16.660479118962716,3.0579370348639685,3.841884123986647,17.936569125552232,6.560918271952168,0,0,76.94206296513627,0,0.41066666666667906,0,22.70191157189748,0,450,0,-7.105427357601002e-15,2.4158453015843406e-13,-2.919886554764162e-14
206.25,0.0096650113905475,0.041758033420717024,2.659126923093535,16.588906546435187,3.0105394985203806,3.8475271742829844,17.936569125552232,6.637112611212239,0,0,76.98946050147987,0,0.4125000000000125,0,22.614743114304666,0,450,0,-7.105427357601002e-15,2.5579538487363607e-13,-2.886579864025407e-14
207.16666666666666,0.008626558347159124,0.03856423079006907,2.659126923093535,16.517272472893858,2.9638038171131234,3.853153824077086,17.936569125552232,6.712978940427607,0,0,77.03619618288714,0,0.414333333333346,0,22.528168569986924,0,450,0,-3.552713678800501e-15,2.5579538487363607e-13,-2.942091015256665e-14
208.08333333333334,0.007699681449907213,0.03561470152212381,2.659126923093535,16.445610778894874,2.9177223241670283,3.8587640624186283,17.936569125552232,6.788517040591788,0,0,77.08227767583323,0,0.4161666666666795,0,22.44220949543633,0,450,0,-3.552713678800501e-15,2.5579538487363607e-13,-2.914335439641036e-14
209,0.006872392447165104,0.03289076272296884,2.659126923093535,16.373952205190893,2.872287456490648,3.864357885827255,17.936569125552232,6.863726842097659,0,0,77.1277125435096,0,0.418000000000013,0,22.356887293897028,0,450,0,-1.0658141036401503e-14,2.5579538487363607e-13,-2.969846590872294e-14
209.91666666666666,0.006133991159909754,0.030375160432739343,2.659126923093535,16.302324639980434,2.8274917455009176,3.869935297599985,17.936569125552232,6.938608410885599,0,0,77.17250825449933,0,0.41983333333334644,0,22.272223210035996,0,450,0,-1.4210854715202004e-14,2.5579538487363607e-13,-3.114175584073564e-14
210.83333333333334,0.005474927085308076,0.028051960335669885,2.659126923093535,16.230753379180157,2.783327809712005,3.875496307181916,17.936569125552232,7.013161935857548,0,0,77.21667219028826,0,0.42166666666667996,0,22.1882383246532,0,450,0,-1.4210854715202004e-14,2.7000623958883807e-13,-3.086420008457935e-14
211.75,0.004886675870247112,0.025906446829029366,2.659126923093535,16.159261362321157,2.739788348247154,3.881040929594285,17.936569125552232,7.087387717438253,0,0,77.26021165175311,0,0.4235000000000134,0,22.10495354943269,0,450,0,-1.0658141036401503e-14,2.7000623958883807e-13,-3.0531133177191805e-14
212.66666666666666,0.004361629057113125,0.023925029811621496,2.659126923093535,16.08786938641358,2.6968661352488796,3.8865691849145243,17.936569125552232,7.161286157176372,0,0,77.30313386475139,0,0.4253333333333469,0,22.02238962173567,0,450,0,-1.4210854715202004e-14,2.7000623958883807e-13,-3.019806626980426e-14
213.58333333333334,0.003892995675788796,0.022095158601432265,2.659126923093535,16.01659629989306,2.6545540150775393,3.8920810978034597,17.936569125552232,7.234857748288406,0,0,77.34544598492273,0,0.4271666666666804,0,21.940567099437054,0,450,0,-1.0658141036401503e-14,2.7000623958883807e-13,-2.992051051364797e-14
214.5,0.00347471440905646,0.02040524243716127,2.659126923093535,15.94545917855471,2.6128448982012,3.897576697075261,17.936569125552232,7.308103067057758,0,0,77.38715510179908,0,0.42900000000001387,0,21.859506355806698,0,450,0,-1.0658141036401503e-14,2.8421709430404007e-13,-2.958744360626042e-14
215.41666666666666,0.0031013751953521576,0.01884457706007762,2.659126923093535,15.874473485193661,2.5717317576911283,3.903056015306186,17.936569125552232,7.381022765009596,0,0,77.42826824230916,0,0.43083333333334733,0,21.77922757443657,0,450,0,-1.0658141036401503e-14,2.8421709430404007e-13,-3.0142555118573e-14
216.33333333333334,0.002768149254878608,0.017403276911156663,2.659126923093535,15.803653214502917,2.5312076262473453,3.908519088478527,17.936569125552232,7.453617561789731,0,0,77.46879237375295,0,0.43266666666668085,0,21.699750744215184,0,450,0,-1.4210854715202004e-14,2.984279490192421e-13,-2.986499936241671e-14
217.25,0.0024707266340327242,0.016072212514020297,2.659126923093535,15.733011024628063,2.4912655936875625,3.913965955656502,17.936569125552232,7.525888238682566,0,0,77.50873440631273,0,0.4345000000000143,0,21.62109565435049,0,450,0,-1.7763568394002505e-14,2.8421709430404007e-13,-3.042011087472929e-14
218.16666666666666,0.0022052604603455084,0.014842952647051936,2.659126923093535,15.662558356641913,2.4518988048406745,3.9193966586911753,17.936569125552232,7.597835632709374,0,0,77.5481011951596,0,0.4363333333333478,0,21.543281889442497,0,450,0,-1.4210854715202004e-14,2.8421709430404007e-13,-3.008704396734174e-14
219.08333333333334,0.001968317186926336,0.013707710938393788,2.659126923093535,15.592305543079764,2.413100457792964,3.92481124195172,17.936569125552232,7.669460631253602,0,0,77.58689954220732,0,0.4381666666666813,0,21.466328824606833,0,450,0,-1.0658141036401503e-14,2.8421709430404007e-13,-3.069766663088558e-14
220,0.0017568321828717766,0.012659296545548272,2.659126923093535,15.522261906565202,2.3748638024412756,3.9302097520806263,17.936569125552232,7.7407641671650635,0,0,77.625136197559,0,0.44000000000001477,0,21.390255620650464,0,450,0,-1.0658141036401503e-14,2.7000623958883807e-13,-3.1252778143198157e-14