time_day,shoot_C,root_C,seed_C,litter_C,soil_water_mm,mineral_N,cumulative_net_C_gain,cumulative_litter_CO2_C,cumulative_rain_mm,cumulative_irrigation_mm,cumulative_ET_mm,cumulative_drainage_mm,cumulative_N_input,cumulative_N_leaching,temperature_C,rain_rate_mm_day,light_umol_m2_s,net_gain_gC_m2_day,carbon_residual,water_residual,nitrogen_residual
0.0,5.4399999999999995,2.56,0.0,0.0,80.0,4.0,0.0,0.0,0.0,0.0,0.0,0.0,0.0,0.0,25.0,0.0,450.0,0.0,0.0,0.0,0.0
0.9166666666666666,5.492736850161237,2.587647241208221,0.0,0.0266376510386624,79.50378659267041,3.9964822462129272,0.10707010772777141,4.8365319651899475e-05,0.0,0.0,0.4962134073295857,0.0,0.0018333333333333333,0.0,25.09467420569431,0.0,450.0,0.11719643288580886,4.0245584642661925e-16,-5.717648576819556e-15,-4.2392304944183223e-16
1.8333333333333333,5.545786841363532,2.6154619612652916,0.0,0.0534183880180687,79.00680694033062,3.992933307134322,0.21488621248627104,0.00021902183937945097,0.0,0.0,0.9931930596693754,0.0,0.003666666666666667,0.0,25.189324838134137,0.0,450.0,0.11800570913163082,9.992007221626409e-16,-4.884981308350689e-15,-8.482797797526587e-16
2.75,5.5991422889395785,2.643440651848492,0.0,0.08034311004706017,78.5090660595348,3.989353697458243,0.32343867754287037,0.0005126267077398588,0.0,0.0,1.490933940465186,0.0,0.0055000000000000005,0.0,25.28392832993459,0.0,450.0,0.11880426865077902,6.661338147750939e-16,-1.1324274851176597e-14,-3.8424124992886277e-16
3.6666666666666665,5.652795267954045,2.6715796872413695,0.0,0.10741267428057082,78.010569445976,3.985743951859534,0.43271747059232757,0.0009298411163428559,0.0,0.0,1.9894305540239792,0.0,0.007333333333333333,0.0,25.37846112544848,0.0,450.0,0.11959168358142924,4.440892098500626e-16,-1.7763568394002505e-14,8.066464163292153e-17
4.583333333333333,5.706737619731595,2.699875327294596,0.0,0.1346278949497435,77.51132308356847,3.9821046245678695,0.5427121720818111,0.0014713301058777678,0.0,0.0,2.488676916431508,0.0,0.009166666666666663,0.0,25.472899686631532,0.0,450.0,0.1203675354861008,6.661338147750939e-16,-2.1760371282653068e-14,-1.2281842209915794e-15
5.5,5.760960958821031,2.7283237205958546,0.0,0.16198954242926256,77.01133345328984,3.9784362889076923,0.6534119842139119,0.0021377623677643442,0.0,0.0,2.9886665467101463,0.0,0.010999999999999992,0.0,25.567220498903197,0.0,450.0,0.1211314160842357,2.220446049250313e-15,-1.7319479184152442e-14,-7.598088824778415e-16
6.416666666666666,5.815456680382852,2.7569209078429946,0.0,0.18949834234382873,76.51060754177162,3.974739536804849,0.7648057406112738,0.002929810041601385,0.0,0.0,3.4893924582283713,0.0,0.01283333333333332,0.0,25.66140007700163,0.0,450.0,0.12188292796576417,2.4424906541753444e-15,-8.881784197001252e-15,-1.177877240188252e-15
7.333333333333333,5.870215967985997,2.7856628254139553,0.0,0.21715497471562784,76.00915284962724,3.9710149782608877,0.8768819166241718,0.0038481485085958655,0.0,0.0,3.990847150372765,0.0,0.014666666666666649,0.0,25.755414970831374,0.0,450.0,0.12262168528316524,4.773959005888173e-15,6.661338147750939e-15,1.7867651802561113e-16
8.25,5.925229801798107,2.814545309126283,0.0,0.24496007315456306,75.50697739950722,3.9672632407960524,0.9896286402601135,0.004893456181163606,0.0,0.0,4.493022600492775,0.0,0.016499999999999983,0.0,25.84924177130226,0.0,450.0,0.12334731441958856,1.3322676295501878e-15,-3.552713678800501e-15,-2.463307335887066e-16
9.166666666666666,5.980488967152157,2.843564098178362,0.0,0.27291422409293226,75.00408974387216,3.9634849688621614,1.103033703712346,0.006066414288900477,0.0,0.0,4.995910256127825,0.0,0.018333333333333326,0.0,25.942857116158134,0.0,450.0,0.12405945463067077,6.217248937900877e-15,-1.7763568394002505e-14,2.0816681711721685e-16
10.083333333333332,6.035984063470936,2.8727148392638204,0.0,0.30101796606613734,74.50049897247435,3.9596808232266225,1.2170845754620176,0.007367706661130674,0.0,0.0,5.4995010275256355,0.0,0.02016666666666667,0.0,26.036237695793904,0.0,450.0,0.12475775865775976,5.10702591327572e-15,-1.7763568394002505e-14,-2.255140518769849e-16
11.0,6.091705513529586,2.901993090849963,0.0,0.3292717890409126,73.99621471954006,3.955851480328978,1.331768412926701,0.008798019506245687,0.0,0.0,6.003785280459916,0.0,0.022000000000000016,0.0,26.129360259059464,0.0,450.0,0.12544189331035338,7.327471962526033e-15,-2.042810365310288e-14,2.255140518769849e-16
11.916666666666666,6.1476435730350785,2.9313943276104433,0.0,0.357676133792449,73.49124717064518,3.951997631611436,1.4470720756260183,0.010358041188054163,0.0,0.0,6.508752829354795,0.0,0.02383333333333336,0.0,26.222201619049095,0.0,450.0,0.12611154001566188,6.661338147750939e-15,-2.398081733190338e-14,6.800116025829084e-16
12.833333333333332,6.203788340500363,2.9609139450018502,0.0,0.38623139133168594,72.98560706927738,3.9481199828249727,1.562982138833262,0.012048461999369075,0.0,0.0,7.014392930722601,0.0,0.025666666666666702,0.0,26.314738658874838,0.0,450.0,0.12676639533331868,6.217248937900877e-15,-2.042810365310288e-14,2.463307335887066e-16
13.75,6.260129767389831,2.9905472639733404,0.0,0.4149379023839167,72.47930572307921,3.9442192533126468,1.6794849076801452,0.013869973933064078,0.0,0.0,7.520694276920773,0.0,0.02750000000000005,0.0,26.40694833742246,0.0,450.0,0.12740617143338803,6.661338147750939e-15,-1.9539925233402755e-14,6.973588373426765e-16
14.666666666666666,6.316657668511675,3.020289535797953,0.0,0.44379595691973867,71.97235500976714,3.940296175271866,1.796566431680195,0.015823270450836074,0.0,0.0,8.02764499023284,0.0,0.029333333333333392,0.0,26.498807695088523,0.0,450.0,0.1280305965359532,6.217248937900877e-15,-1.7763568394002505e-14,2.636779683484747e-16
15.583333333333332,6.373361732631848,3.0501359470137963,0.0,0.47280579373924997,71.46476738272237,3.936351492997423,1.9142125196348017,0.017909046249915506,0.0,0.0,8.53523261727762,0.0,0.031166666666666735,0.0,26.59029385949719,0.0,450.0,0.1286394153107125,7.327471962526033e-15,-8.881784197001252e-15,7.181755190543981e-16
16.5,6.430231533283441,3.080081624462893,0.0,0.5019676001102656,70.95655587625012,3.9323859621071717,2.0324087548845617,0.020127997027969694,0.0,0.0,9.043444123749865,0.0,0.03300000000000007,0.0,26.681384051195298,0.0,450.0,0.12923238923515853,9.325873406851315e-15,-1.4210854715202004e-14,1.1796119636642288e-15
17.416666666666664,6.487256539744608,3.1101216404150978,0.0,0.5312815114611938,70.44773411050522,3.92840034875229,2.1511405108673407,0.022480819246447927,0.0,0.0,9.552265889494759,0.0,0.0348333333333334,0.0,26.772055589324268,0.0,450.0,0.12980929691007836,5.773159728050814e-15,-1.7763568394002505e-14,1.6514567491299204e-15
18.333333333333332,6.5444261281574905,3.1402510177642156,0.0,0.5607476111290775,69.93831629608218,3.9243954288141287,2.2703929669433967,0.02496820989261973,0.0,0.0,10.06168370391781,0.0,0.03666666666666673,0.0,26.86228589726752,0.0,450.0,0.13036993433127278,6.217248937900877e-15,-1.2434497875801753e-14,3.400058012914542e-16
19.25,6.601729592760117,3.1704647352831445,0.0,0.5903659301631644,69.4283172382692,3.9203719870896796,2.3901511244469784,0.027590866240559613,0.0,0.0,10.571682761730777,0.0,0.03850000000000006,0.0,26.95205250827188,0.0,450.0,0.13091411511656298,8.881784197001252e-15,-2.1316282072803006e-14,8.049116928532385e-16
20.166666666666664,6.659156157202792,3.2007577329247074,0.0,0.6201364471842394,68.91775234096654,3.916330816467747,2.5103998229230644,0.03034948561133328,0.0,0.0,11.082247659033436,0.0,0.04033333333333339,0.0,27.041333071041667,0.0,450.0,0.13144167068732684,7.105427357601002e-15,-1.9539925233402755e-14,3.885780586188048e-16
21.083333333333332,6.7166949859202045,3.2311249171546352,0.0,0.650059088299802,68.4066376102698,3.912272717097935,2.6311237565072747,0.03324476513264098,0.0,0.0,11.593362389730181,0.0,0.04216666666666672,0.0,27.130105355304007,0.0,450.0,0.13195245040398107,9.325873406851315e-15,-2.1316282072803006e-14,-3.469446951953614e-17
22.0,6.774335195530289,3.2615611663030735,0.0,0.6801337270750332,67.8949896577205,3.9081984955545805,2.7523074904065616,0.03627740149817352,0.0,0.0,12.105010342279478,0.0,0.04400000000000005,0.0,27.21834725734404,0.0,450.0,0.1324463216550051,7.105427357601002e-15,-2.1316282072803006e-14,-4.579669976578771e-16
22.916666666666664,6.832065866230773,3.2920613359209345,0.0,0.7103601845593628,67.38282570322643,3.9041089639977806,2.8739354774379997,0.03944809072693663,0.0,0.0,12.617174296773547,0.0,0.04583333333333338,0.0,27.30603680550858,0.0,450.0,0.13292316989927994,8.881784197001252e-15,-2.3092638912203256e-14,9.020562075079397e-16
23.833333333333332,6.8898760531643894,3.3226202641274036,0.0,0.7407382293682965,66.87016357765528,3.9000049393336633,2.9959920745828796,0.04275752792279751,0.0,0.0,13.129836422344708,0.0,0.04766666666666671,0.0,27.39315216567693,0.0,450.0,0.13338289866169328,7.105427357601002e-15,-1.5987211554602254e-14,4.787836793695988e-16
24.75,6.94775479772385,3.353232776934961,0.0,0.7712675778200276,66.35702172510591,3.8958872423760593,3.118461559513337,0.04620640703450596,0.0,0.0,13.642978274894073,0.0,0.049500000000000044,0.0,27.479671646697426,0.0,450.0,0.1338254294821408,8.881784197001252e-15,-1.7763568394002505e-14,9.43689570931383e-16
25.666666666666664,7.005691138767944,3.3838936935383854,0.0,0.8019478941262247,65.8434192048624,3.8917566970117066,3.241328147048985,0.04979542061644012,0.0,0.0,14.156580795137582,0.0,0.05133333333333337,0.0,27.56557370578839,0.0,450.0,0.13425070181822474,9.325873406851315e-15,-1.7763568394002505e-14,5.273559366969494e-16
26.583333333333332,7.063674123720451,3.4145978315543504,0.0,0.8327787906362406,65.3293756930364,3.8876141293711153,3.364576005501357,0.053525259590323636,0.0,0.0,14.670624306963592,0.0,0.0531666666666667,0.0,27.65083695390215,0.0,450.0,0.13465867290212635,7.105427357601002e-15,-1.0658141036401503e-14,1.0408340855860843e-16
27.5,7.121692819524033,3.445340012198433,0.0,0.8637598281338661,64.81491148390445,3.883460367007184,3.488189272864481,0.05739661300815728,0.0,0.0,15.18508851609554,0.0,0.055000000000000035,0.0,27.735440161050754,0.0,450.0,0.13504931755229072,7.549516567451064e-15,-7.105427357601002e-15,5.689893001203927e-16
28.416666666666664,7.179736323421819,3.476115065386581,0.0,0.894890516185611,64.30004749094739,3.8792962380836338,3.6121520728106074,0.06141016781660419,0.0,0.0,15.6999525090526,0.0,0.05683333333333336,0.0,27.81936226159212,0.0,450.0,0.13542262794072799,8.881784197001252e-15,-7.105427357601002e-15,1.0408340855860843e-15
29.333333333333332,7.237793773540037,3.506917834748414,0.0,0.9261703135393786,63.78480524759932,3.875122570575276,3.7364485304508843,0.06556660862306267,0.0,0.0,16.215194752400663,0.0,0.05866666666666669,0.0,27.90258235947522,0.0,450.0,0.1357786133168865,8.881784197001252e-15,-1.4210854715202004e-14,6.175615574477433e-16
30.25,7.295854359245814,3.537743182540028,0.0,0.957598628572268,63.2692069077147,3.8709401914820956,3.8610627878217545,0.06986661746365498,0.0,0.0,16.7307930922853,0.0,0.060500000000000026,0.0,27.985079733443083,0.0,450.0,0.13611729968920672,9.325873406851315e-15,-3.552713678800501e-15,1.0824674490095276e-15
31.166666666666664,7.353907331255062,3.5685859944443834,0.0,0.9891748197861269,62.75327524576201,3.866749926059056,3.9859790190589175,0.07431087357335493,0.0,0.0,17.24672475423798,0.0,0.06233333333333335,0.0,28.06683384219223,0.0,450.0,0.13643872946559807,9.769962616701378e-15,-7.105427357601002e-15,6.661338147750939e-16
32.08333333333333,7.411942011466335,3.5994411842477576,0.0,1.0208981963493635,62.23703365675368,3.8625525970634955,4.111181445221917,0.07890005315847044,0.0,0.0,17.762966343246323,0.0,0.06416666666666668,0.0,28.14782432948734,0.0,450.0,0.1367429610542215,9.769962616701378e-15,3.552713678800501e-15,1.1379786002407855e-15
33.0,7.469947802497437,3.630303698381201,0.0,1.0527680186834105,61.72050615592134,3.858349024021899,4.236654348733729,0.08363482917168964,0.0,0.0,18.279493844078665,0.0,0.06599999999999999,0.0,28.228031029229797,0.0,450.0,0.1370300684260758,9.769962616701378e-15,7.105427357601002e-15,1.6237011735142914e-15
33.916666666666664,7.5279141969027314,3.661168520316414,0.0,1.0847834990921443,61.20371737814698,3.85414002251777,4.362382087401172,0.08851587108989269,0.0,0.0,18.796282621853027,0.0,0.06783333333333329,0.0,28.307433970478947,0.0,450.0,0.137300140641007,1.1546319456101628e-14,1.0658141036401503e-14,1.2351231148954867e-15
34.83333333333333,7.58583078605012,3.692030674805994,0.0,1.1169438024324525,60.68669257715989,3.8499264035022396,4.488349107983479,0.09354384469492222,0.0,0.0,19.313307422840122,0.0,0.06966666666666659,0.0,28.386013382424704,0.0,450.0,0.13755328133885739,8.881784197001252e-15,1.0658141036401503e-14,8.465450562766819e-16
35.75,7.643687268637922,3.722885231958535,0.0,1.1492480468240622,60.16945762451015,3.8457089726289753,4.614539959278006,0.09871941185749789,0.0,0.0,19.830542375489866,0.0,0.0714999999999999,0.0,28.463749699310362,0.0,450.0,0.13778960819756964,1.1546319456101628e-14,1.7763568394002505e-14,1.3322676295501878e-15
36.666666666666664,7.701473458833029,3.7537273111396185,0.0,1.181695304396648,59.65203900832931,3.84148852961487,4.740939304693737,0.10404323032445104,0.0,0.0,20.3479609916707,0.0,0.0733333333333332,0.0,28.540623565304347,0.0,450.0,0.13800925236014136,1.1546319456101628e-14,1.0658141036401503e-14,1.8318679906315083e-15
37.58333333333333,7.759179294013084,3.7845520846903686,0.0,1.2142846020721678,59.13446383188908,3.837265867627887,4.867531934285057,0.1095159535094472,0.0,0.0,20.865536168110932,0.0,0.07516666666666649,0.0,28.61661583931967,0.0,450.0,0.1382123578324016,9.769962616701378e-15,1.0658141036401503e-14,1.4432899320127035e-15
38.5,7.816794842096614,3.815354781455791,0.0,1.2470149223803018,58.61675981196892,3.8330417727033663,4.9943027762200485,0.11513823028735301,0.0,0.0,21.38324018803108,0.0,0.0769999999999998,0.0,28.691707599779967,0.0,450.0,0.13839908085363703,1.1546319456101628e-14,0.0,1.9290125052862095e-15
39.416666666666664,7.874310308446524,3.846130690115786,0.0,1.2798852043047957,58.09895527704354,3.8288170231899787,5.12123690765949,0.12091070479239582,0.0,0.0,21.901044722956463,0.0,0.0788333333333331,0.0,28.7658801493308,0.0,450.0,0.13856958924215443,1.0658141036401503e-14,0.0,6.522560269672795e-16
40.33333333333333,7.931716042333607,3.876875162312343,0.0,1.3128943441584697,57.58107916530078,3.824592389226446,5.248319565024661,0.12683401622025367,0.0,0.0,22.41892083469923,0.0,0.0806666666666664,0.0,28.83911501949522,0.0,450.0,0.1387240617178995,1.1546319456101628e-14,7.105427357601002e-15,2.636779683484747e-16
41.25,7.989002542948171,3.9075836155670607,0.0,1.346041196484583,57.06316102250094,3.8203686322500103,5.3755361536340045,0.13290879863420244,0.0,0.0,22.936838977499065,0.0,0.08249999999999971,0.0,28.911393975272276,0.0,450.0,0.13886268720428635,1.3322676295501878e-14,7.105427357601002e-15,7.494005416219807e-16
42.166666666666664,8.046160464949239,3.9382515359837966,0.0,1.3793245749822154,56.54523099968779,3.816146504537571,5.502872256690674,0.13913568077543628,0.0,0.0,23.454769000312215,0.0,0.08433333333333301,0.0,28.9826990196774,0.0,450.0,0.13898566411141072,1.2434497875801753e-14,3.552713678800501e-15,3.608224830031759e-16
43.08333333333333,8.103180623542189,3.968874480731898,0.0,1.4127432534532836,56.02731985076138,3.8119267487802984,5.630313643605026,0.14551528587766843,0.0,0.0,23.972680149238627,0.0,0.08616666666666631,0.0,29.05301239822356,0.0,450.0,0.13909319960282926,1.2434497875801753e-14,7.105427357601002e-15,-2.7755575615628914e-17
44.0,8.160053999077098,3.9994480803061054,0.0,1.4462959667687805,55.50945892992271,3.807710097692401,5.757846277638079,0.15204823148610538,0.0,0.0,24.490541070077303,0.0,0.08799999999999962,0.0,29.122316603342,0.0,450.0,0.13918550884808847,9.769962616701378e-15,1.0658141036401503e-14,4.579669976578771e-16
44.916666666666664,8.216771741161402,4.029968040559893,0.0,1.4799814118517982,54.99168018899958,3.803497273654678,5.88545632285396,0.1587351292808793,0.0,0.0,25.008319811000426,0.0,0.08983333333333292,0.0,29.19059437874151,0.0,450.0,0.1392628142631771,1.2434497875801753e-14,7.105427357601002e-15,6.938893903907228e-17
45.83333333333333,8.273325172281865,4.060430144509617,0.0,1.513798248674895,54.47401617466264,3.799288988393347,6.013130150371374,0.1655765849050108,0.0,0.0,25.52598382533737,0.0,0.09166666666666622,0.0,29.25782872370511,0.0,450.0,0.1393253447410586,1.4210854715202004e-14,7.105427357601002e-15,-1.2073675392798577e-15
46.75,8.329705790932262,4.090830253907516,0.0,1.5477451012693317,53.95650002554,3.795085942694543,6.140854343906062,0.17257319779696295,0.0,0.0,26.04349997446001,0.0,0.09349999999999953,0.0,29.32400289732317,0.0,450.0,0.13937333487441467,1.0658141036401503e-14,1.0658141036401503e-14,-7.216449660063518e-16
47.666666666666664,8.385905274244408,4.121164310582199,0.0,1.5818205587437197,53.4391654692385,3.7908888261548146,6.268615704598154,0.1797255610278369,0.0,0.0,26.560834530761507,0.0,0.09533333333333283,0.0,29.389100422661713,0.0,450.0,0.1394070241726973,9.769962616701378e-15,1.0658141036401503e-14,-1.9984014443252818e-15
48.58333333333333,8.441915480121509,4.151428337545875,0.0,1.6160231763096233,52.92204681927854,3.7866983169678137,6.396401255120243,0.1870342611432478,0.0,0.0,27.077953180721472,0.0,0.09716666666666612,0.0,29.453105090865133,0.0,450.0,0.1394266562755474,1.1546319456101628e-14,1.4210854715202004e-14,-2.3869795029440866e-15
49.5,8.49772844887411,4.18161843986819,0.0,1.6503514763116551,52.40517897194917,3.7825150817472992,6.524198243063855,0.19449987800990767,0.0,0.0,27.594821028050845,0.0,0.09899999999999944,0.0,29.51600096519205,0.0,450.0,0.13943247816458845,7.105427357601002e-15,1.4210854715202004e-14,-2.789435349370706e-15
50.416666666666664,8.553336404360103,4.211730805317117,0.0,1.6848039492596354,51.88859740308908,3.778339775386486,6.651994143603783,0.20212298466693215,0.0,0.0,28.11140259691094,0.0,0.10083333333333273,0.0,29.57777238498346,0.0,450.0,0.13942473937555672,3.552713678800501e-15,1.7763568394002505e-14,-4.066191827689636e-15
51.33333333333333,8.608731754631442,4.241761704767861,0.0,1.7193790548603982,51.37233816479828,3.7741730409536767,6.779776661441575,0.2099041471818761,0.0,0.0,28.627661835201742,0.0,0.10266666666666603,0.0,29.638403969562148,0.0,450.0,0.1394036912126667,1.7763568394002505e-15,2.1316282072803006e-14,-4.454769886308441e-15
52.25,8.663907092091419,4.271707492381358,0.0,1.7540752230468544,50.85643788208454,3.7700155096240135,6.907533732031121,0.2178439245114918,0.0,0.0,29.143562117915476,0.0,0.10449999999999934,0.0,29.697880622062378,0.0,450.0,0.13936958596705265,1.7763568394002505e-15,1.7763568394002505e-14,-4.85722573273506e-15
53.166666666666664,8.718855193167396,4.301564605554421,0.0,1.788890855001954,50.34093374944757,3.7658678006471398,7.035253522090962,0.22594286836719243,0.0,0.0,29.659066250552446,0.0,0.10633333333333264,0.0,29.756187533188886,0.0,450.0,0.13932267614106075,2.6645352591003757e-15,1.7763568394002505e-14,-4.3576253716537394e-15
54.08333333333333,8.773569017505,4.331329564644107,0.0,1.8238243241752357,49.825863527402795,3.761730521350445,7.162924429409537,0.23420152308519498,0.0,0.0,30.174136472597233,0.0,0.10816666666666594,0.0,29.813310184904328,0.0,450.0,0.13926321368009872,2.6645352591003757e-15,2.842170943040401e-14,-3.858025010572419e-15
55.0,8.82804170669079,4.36099897246934,0.0,1.8588739772896756,49.31126553894581,3.7576042671775043,7.290535081951106,0.24262042550130225,0.0,0.0,30.688734461054217,0.0,0.10999999999999925,0.0,29.869234354044167,0.0,450.0,0.13919144921367918,1.7763568394002505e-15,2.842170943040401e-14,-5.1486592766991635e-15
55.916666666666664,8.882266582511322,4.390569513593333,0.0,1.8940381353366145,48.797178665957304,3.753489621761264,7.418074336271544,0.25120010483027655,0.0,0.0,31.202821334042728,0.0,0.11183333333333255,0.0,29.923946115858133,0.0,450.0,0.1391076313072227,2.6645352591003757e-15,3.197442310920451e-14,-5.537237335317968e-15
56.83333333333333,8.936237144757582,4.420037953390722,0.0,1.9293150945565805,48.2836423455469,3.7493871570314163,7.545531275254628,0.2599410825497473,0.0,0.0,31.716357654453137,0.0,0.11366666666666585,0.0,29.977431847477412,0.0,450.0,0.13901200572611228,3.552713678800501e-15,3.907985046680551e-14,-5.925815393936773e-15
57.75,8.98994706858445,4.449401136903807,0.0,1.964703127403884,47.77069656633346,3.7452974333553866,7.672895205180719,0.26884387228858225,0.0,0.0,32.22930343366658,0.0,0.11549999999999916,0.0,30.029678231306647,0.0,450.0,0.13890481471342153,5.329070518200751e-15,4.263256414560601e-14,-5.440092820663267e-15
58.666666666666664,9.043390201435857,4.4786559874926395,0.0,2.0002004834929146,47.258381864658006,3.741220999712256,7.800155652141055,0.27790897971964523,0.0,0.0,32.74161813534204,0.0,0.11733333333333246,0.0,30.08067225833992,0.0,450.0,0.13878629628266315,8.881784197001252e-16,4.263256414560601e-14,-6.716849298982197e-15
59.58333333333333,9.096560559546969,4.5077995052840825,0.0,2.0358053905241493,46.746739320723805,3.737158393898899,7.9273023578120565,0.2871369024568534,0.0,0.0,33.25326067927624,0.0,0.11916666666666575,0.0,30.130401231399922,0.0,450.0,0.13865668352683633,-1.7763568394002505e-15,4.263256414560601e-14,-7.105427357601002e-15
60.5,9.149452324035439,4.536828765425347,0.0,2.071516055187927,46.23581055465742,3.733110142767557,8.054325274605151,0.2965281299564367,0.0,0.0,33.76418944534262,0.0,0.12099999999999907,0.0,30.178852768299468,0.0,450.0,0.1385162039449833,-3.552713678800501e-15,4.263256414560601e-14,-6.619704784327496e-15
61.416666666666664,9.202059836594579,4.565740916147763,0.0,2.10733066404412,45.72563772248238,3.729076762494003,8.181214560208756,0.3060831434222936,0.0,0.0,34.27436227751766,0.0,0.12283333333333236,0.0,30.226014804924564,0.0,450.0,0.13836507878739293,-1.7763568394002505e-15,4.263256414560601e-14,-6.1201044232461754e-15
62.33333333333333,9.254377594801795,4.594533176646955,0.0,2.1432473843759174,45.21626351199627,3.725058758875426,8.307960571540002,0.3158024157153319,0.0,0.0,34.783736488003775,0.0,0.12466666666666566,0.0,30.27187559823831,0.0,450.0,0.13820352242053452,-1.7763568394002505e-15,4.263256414560601e-14,-6.50868248186498e-15
63.25,9.306400247056345,4.623202834785797,0.0,2.179264365015995,44.70773113854019,3.7210566276570844,8.434553858124813,0.32568641126667014,0.0,0.0,35.29226886145985,0.0,0.126499999999999,0.0,30.31642372920483,0.0,450.0,0.13803174171273302,-5.329070518200751e-15,4.263256414560601e-14,-7.827072323607354e-15
64.16666666666666,9.35812258716094,4.651747244626826,0.0,2.215379737143425,44.20008434064824,3.7170708548867646,8.560985154925772,0.33573558599457093,0.0,0.0,35.799915659351804,0.0,0.12833333333333233,0.0,30.35964810563253,0.0,450.0,0.1378499354415493,-1.2434497875801753e-14,4.263256414560601e-14,-8.243405957841787e-15
65.08333333333333,9.409539548562364,4.680163823801052,0.0,2.251591615049771,43.693367375562836,3.7131019172959987,8.687245374638167,0.34595038722497123,0.0,0.0,36.306632624437206,0.0,0.13016666666666568,0.0,30.401537964936,0.0,450.0,0.13765829372376984,-7.105427357601002e-15,4.263256414560601e-14,-7.799316747991725e-15
66.0,9.460646198266595,4.708450050720336,0.0,2.2878980968728757,43.18762501460042,3.709150282707,8.81332559947528,0.35633125361546153,0.0,0.0,36.81237498539962,0.0,0.13199999999999903,0.0,30.442082876815817,0.0,450.0,0.1374569974688632,-1.0658141036401503e-14,4.263256414560601e-14,-8.243405957841787e-15
66.91666666666666,9.511437730444596,4.736603461640744,0.0,2.3242972652969547,42.68290253835019,3.705216410464209,8.93921707246488,0.36687861508256814,0.0,0.0,37.31709746164985,0.0,0.13383333333333236,0.0,30.481272745855605,0.0,450.0,0.13724621785671628,-1.5987211554602254e-14,4.263256414560601e-14,-9.547918011776346e-15
67.83333333333333,9.561909459745156,4.76462164758446,0.0,2.36078718821768,42.179245731686926,3.701300751889292,9.06491118827949,0.3775928927321787,0.0,0.0,37.82075426831312,0.0,0.13566666666666571,0.0,30.51909781403576,0.0,450.0,0.13702611584042362,-1.9539925233402755e-14,4.263256414560601e-14,-9.103828801926284e-15
68.75,9.612056814331725,4.792502251128103,0.0,2.3973659193710146,41.67670087857754,3.6974037507584474,9.190399483623809,0.3884744987929482,0.0,0.0,38.3232991214225,0.0,0.13749999999999907,0.0,30.555548663163098,0.0,450.0,0.13679684167486783,-1.5987211554602254e-14,4.263256414560601e-14,-9.547918011776346e-15
69.66666666666666,9.66187532866051,4.8202429630654215,0.0,2.4340314989246887,41.17531475665875,3.6935258438007907,9.315673627203159,0.39952383655251944,0.0,0.0,38.82468524334129,0.0,0.1393333333333324,0.0,30.590616217215956,0.0,450.0,0.13655853447180172,-1.9539925233402755e-14,4.263256414560601e-14,-1.0852430065710905e-14
70.58333333333333,9.711361088527973,4.847841674478804,0.0,2.4707811316112216,40.67513607776481,3.6896674719357545,9.440725472311088,0.4107415776930716,0.0,0.0,39.32486392223523,0.0,0.14116666666666577,0.0,30.624291744604037,0.0,450.0,0.1363209905872138,-1.9539925233402755e-14,4.263256414560601e-14,-1.1324274851176597e-14
71.5,9.760508916742424,4.875295853052681,0.0,2.507614482748448,40.17620968036526,3.68582903737281,9.565546801432417,0.4221275488888427,0.0,0.0,39.82379031963478,0.0,0.14299999999999913,0.0,30.656566860342522,0.0,450.0,0.13605532734069378,-2.3092638912203256e-14,4.263256414560601e-14,-1.176836406102666e-14
72.41666666666666,9.809315070091499,4.902603466618361,0.0,2.5445287267033843,39.6785852508567,3.6820109701626573,9.690129670840946,0.43368240742768,0.0,0.0,40.321414749143344,0.0,0.14483333333333245,0.0,30.6874335281399,0.0,450.0,0.13579063817663883,-2.4868995751603507e-14,4.263256414560601e-14,-1.3072876114961218e-14
73.33333333333333,9.857775431433296,4.929762363242951,0.0,2.5815218545033223,39.182311481883886,3.6782136842076754,9.814466169425042,0.4454065202454483,0.0,0.0,40.81768851811616,0.0,0.1466666666666658,0.0,30.716884062398904,0.0,450.0,0.13551735305725834,-2.4868995751603507e-14,4.263256414560601e-14,-1.2628786905111156e-14
74.25,9.905885950557888,4.9567704209326235,0.0,2.6185918459706317,38.68743752831879,3.67443758912693,9.938548462515254,0.4573002450540857,0.0,0.0,41.312562471681254,0.0,0.14849999999999916,0.0,30.744911130130234,0.0,450.0,0.13523554967942916,-2.4868995751603507e-14,4.263256414560601e-14,-1.2184697695261093e-14
75.16666666666666,9.95364263579563,4.9836255437195955,0.0,2.655736670071247,38.1940129999012,3.6706830908539967,10.062368779877415,0.4693639302909206,0.0,0.0,41.805987000098845,0.0,0.1503333333333325,0.0,30.771507752778373,0.0,450.0,0.13494529252121698,-2.3092638912203256e-14,4.263256414560601e-14,-1.2601031329495527e-14
76.08333333333333,10.001041545497442,5.010325657684362,0.0,2.6929542852204125,37.702087953446245,3.6669505922465424,10.185919403471745,0.4815979150695077,0.0,0.0,42.2979120465538,0.0,0.15216666666666584,0.0,30.796667307959225,0.0,450.0,0.13464663260093213,-2.3092638912203256e-14,4.263256414560601e-14,-1.304512053934559e-14
77.0,10.048078779407016,5.036868706922569,0.0,2.73024263954531,37.2117128845826,3.663240493706242,10.3091926550067,0.49400252913178455,0.0,0.0,42.78828711541744,0.0,0.1539999999999992,0.0,30.820383531109044,0.0,450.0,0.13433960726791436,-2.1316282072803006e-14,4.263256414560601e-14,-1.2601031329495527e-14
77.91666666666666,10.094750469945332,5.063252649466043,0.0,2.7675996711042865,36.72293871898362,3.6595531938075374,10.432180883317042,0.5065780928013541,0.0,0.0,43.27706128101642,0.0,0.15583333333333252,0.0,30.84265051704426,0.0,450.0,0.1340242400257135,-2.4868995751603507e-14,4.263256414560601e-14,-1.2129186544029835e-14
78.83333333333333,10.141052773428143,5.089475453167711,0.0,2.805023308062504,36.23581680305185,3.6558890899337357,10.554876451596078,0.5193249169376927,0.0,0.0,43.764183196948196,0.0,0.15766666666666587,0.0,30.86346272143184,0.0,450.0,0.13370054038835194,-2.6645352591003757e-14,4.263256414560601e-14,-1.2573275753879898e-14
79.75,10.186981861237467,5.115535091560243,0.0,2.842511468823935,35.750398894016094,3.6522485789189045,10.677271724512755,0.5322433028910812,0.0,0.0,44.24960110598395,0.0,0.15949999999999923,0.0,30.882814962169792,0.0,450.0,0.13336850377037354,-2.6645352591003757e-14,4.263256414560601e-14,-1.301736496372996e-14
80.66666666666666,10.232533910968527,5.141429539698575,0.0,2.8800620621197193,35.2667371493983,3.648632057693979,10.799359055244913,0.5453335424580638,0.0,0.0,44.73326285060174,0.0,0.16133333333333255,0.0,30.90070242067746,0.0,450.0,0.13302811141140583,-2.842170943040401e-14,4.263256414560601e-14,-1.2545520178264269e-14
81.58333333333333,10.277705097573921,5.167156769996478,0.0,2.917672987053039,34.78488411580616,3.6450399239354816,10.921130772460696,0.5585959178372321,0.0,0.0,45.215115884193885,0.0,0.1631666666666659,0.0,30.91712064309534,0.0,450.0,0.13267933033598486,-2.842170943040401e-14,4.263256414560601e-14,-1.2989609388114332e-14
82.5,10.322491584527182,5.192714748067709,0.0,2.9553421331007206,34.304892717006126,3.641472576715206,11.04257916728077,0.5720307015851342,0.0,0.0,45.695107282993916,0.0,0.16499999999999926,0.0,30.932065541394042,0.0,450.0,0.13232211334941746,-2.4868995751603507e-14,4.263256414560601e-14,-1.2545520178264269e-14
83.41666666666666,10.366889515028392,5.21810142858236,0.0,2.993067380071933,33.826816241229935,3.6379304171491853,11.163696480254824,0.5856381565721154,0.0,0.0,46.17318375877011,0.0,0.16683333333333258,0.0,30.94553339439219,0.0,450.0,0.1319563990704816,-2.4868995751603507e-14,4.263256414560601e-14,-1.3850032232198828e-14
84.33333333333333,10.410895003274813,5.243314751149313,0.0,3.030846598024432,33.35070832766664,3.6344138490442246,11.284474888386471,0.5994185359378915,0.0,0.0,46.649291672333405,0.0,0.16866666666666594,0.0,30.957520848682975,0.0,450.0,0.13158211200178618,-1.9539925233402755e-14,4.263256414560601e-14,-1.3405943022348765e-14
85.25,10.454504125820016,5.2683526362358695,0.0,3.0686776471389074,32.876622952091004,3.630923279540245,11.404906492241475,0.6133720830466606,0.0,0.0,47.12337704790904,0.0,0.1704999999999993,0.0,30.968024919469126,0.0,450.0,0.13119916263864032,-2.3092638912203256e-14,4.263256414560601e-14,-1.4738210651898953e-14
86.16666666666666,10.497712913045428,5.293212981135874,0.0,3.106558377552134,32.40461441157821,3.6274591197466455,11.524983303175022,0.6274990314415664,0.0,0.0,47.595385588421834,0.0,0.17233333333333262,0.0,30.977042991306114,0.0,450.0,0.13080744761729712,-1.9539925233402755e-14,4.263256414560601e-14,-1.6042722705833512e-14
87.08333333333333,10.540517340768648,5.317893655997903,0.0,3.144486629149711,31.934737308253847,3.624021785370838,11.644697230714607,0.6417996047983225,0.0,0.0,48.06526269174619,0.0,0.17416666666666597,0.0,30.98457281875337,0.0,450.0,0.13040684990346074,-2.3092638912203256e-14,3.552713678800501e-14,-1.559863349598345e-14
88.0,10.582913322013393,5.34239249992524,0.0,3.182460231319297,31.467046532027666,3.620611697337088,11.764040070135765,0.6562740168778145,0.0,0.0,48.53295346797237,0.0,0.17599999999999932,0.0,30.990612526933386,0.0,450.0,0.12999723902195373,-2.3092638912203256e-14,3.552713678800501e-14,-1.5154544286133387e-14
88.91666666666666,10.624896698966328,5.366707317159718,0.0,3.2204770026653815,31.00159724225877,3.617229282393746,11.88300349026895,0.6709224714775015,0.0,0.0,48.99840275774127,0.0,0.17783333333333265,0.0,30.995160611998553,0.0,450.0,0.1295784713284543,-1.5987211554602254e-14,3.552713678800501e-14,-1.557087792036782e-14
89.83333333333333,10.66646323514663,5.390835873361624,0.0,3.2585347506867466,30.53844484829998,3.6138749737069005,12.001579021576468,0.6857451623814443,0.0,0.0,49.461555151700054,0.0,0.179666666666666,0.0,30.998215941505606,0.0,450.0,0.12915039032421408,-2.4868995751603507e-14,3.552713678800501e-14,-1.6014967130217883e-14
90.75,10.679364719453067,5.401477449319266,0.041522449184328014,3.2965634662570764,30.07780211395646,3.610553595789297,12.11967029464287,0.7007422104291057,0.0,0.0,49.92219788604358,0.0,0.18149999999999936,0.0,30.999777754697593,0.0,450.0,0.12843625968911193,-2.4868995751603507e-14,3.552713678800501e-14,-1.557087792036782e-14
91.66666666666666,10.68405946038625,5.40824780521231,0.09431651263543442,3.334453435001565,29.62022171142029,3.607279472671539,12.23699043564533,0.7159132224097459,0.0,0.0,50.37977828857974,0.0,0.18333333333333268,0.0,30.999845662693303,0.0,450.0,0.12757389199562433,-2.6645352591003757e-14,2.842170943040401e-14,-1.5987211554602254e-14
92.58333333333333,10.688442029649778,5.414861895625572,0.14675485697144242,3.372203746434737,29.165775760393075,3.604053540232574,12.353520089725345,0.7312575610437939,0.0,0.0,50.83422423960696,0.0,0.18516666666666604,0.0,30.998419648584097,0.0,450.0,0.12671064214457017,-2.6645352591003757e-14,3.552713678800501e-14,-1.6431300764452317e-14
93.5,10.692513237028423,5.421319964436958,0.19883708095984534,3.4098134979348838,28.714502859734154,3.6008758109819783,12.469258365255127,0.7467745848949946,0.0,0.0,51.28549714026589,0.0,0.1869999999999994,0.0,30.9955000674381,0.0,450.0,0.12584634913460468,-2.3092638912203256e-14,4.263256414560601e-14,-1.5987211554602254e-14
94.41666666666666,10.696273832726662,5.427622228238591,0.2505627150967733,3.44728179442484,28.26644142245707,3.597746304808974,12.584204218892745,0.7624636484058577,0.0,0.0,51.733558577542965,0.0,0.18883333333333271,0.0,30.99108764621182,0.0,450.0,0.12498084425416871,-1.9539925233402755e-14,3.552713678800501e-14,-1.5515366769136563e-14
95.33333333333333,10.699724505057628,5.433768875215782,0.3019312185571514,3.484607748042488,27.821629653586626,3.5946650493229986,12.698356448804699,0.7783241019316267,0.0,0.0,52.178370346413416,0.0,0.19066666666666607,0.0,30.985183483569113,0.0,450.0,0.12411395167100213,-2.1316282072803006e-14,4.263256414560601e-14,-1.50712775592865e-14
96.25,10.702865878346023,5.439760064125647,0.35294197639262553,3.5217904778020515,27.380105527161312,3.5916320801666672,12.811713688439086,0.7943552917727174,0.0,0.0,52.61989447283873,0.0,0.19249999999999942,0.0,30.977789049607647,0.0,450.0,0.12324548904234396,-2.3092638912203256e-14,4.263256414560601e-14,-1.5515366769136563e-14
97.16666666666666,10.705698511051192,5.4455959233784075,0.4035942969857533,3.5588291092472892,26.941906762372543,3.588647441300185,12.924274400868256,0.8105565602055924,0.0,0.0,53.0580932376275,0.0,0.19433333333333275,0.0,30.968906185492834,0.0,450.0,0.12237526814555949,-2.1316282072803006e-14,4.263256414560601e-14,-1.5931700403370996e-14
98.08333333333333,10.70822289411653,5.451276550224394,0.45388740976881703,3.5957227740977107,26.507070798834597,3.5857111852562777,13.03603687371951,0.8269272455120349,0.0,0.0,53.49292920116545,0.0,0.1961666666666661,0.0,30.95853710299942,0.0,450.0,0.12150309552888613,-2.4868995751603507e-14,4.973799150320701e-14,-1.637578961322106e-14
99.0,10.71043944955118,5.456802010049665,0.5038204632154775,3.6324706098889563,26.07563477098182,3.58282337336472,13.14699921471209,0.8434666820067864,0.0,0.0,53.92436522901823,0.0,0.19799999999999945,0.0,30.94668438396073,0.0,450.0,0.12062877318192122,-3.019806626980426e-14,4.973799150320701e-14,-1.5931700403370996e-14
99.91666666666666,10.712348529249883,5.462172335783137,0.5533925231133348,3.669071759608526,25.64763548159228,3.5799840759455726,13.25715934781844,0.8601742000635321,0.0,0.0,54.352364518407775,0.0,0.19983333333333278,0.0,30.933350979625843,0.0,450.0,0.11975209922540739,-2.4868995751603507e-14,4.973799150320701e-14,-1.634803403760543e-14
100.83333333333333,10.713950414056606,5.467387527417995,0.6026025711252443,3.7055253713280454,25.22310937444013,3.577193372470256,13.366515010067129,0.8770491261392099,0.0,0.0,54.77689062555992,0.0,0.20166666666666613,0.0,30.918540209924743,0.0,450.0,0.11887286861978828,-2.842170943040401e-14,4.973799150320701e-14,-1.5903944827755367e-14
101.75,10.715245313077359,5.472447551650064,0.6514495036469973,3.741830597833284,24.802092506082374,3.574451351689598,13.475063749004358,0.8940907827966282,0.0,0.0,55.19790749391768,0.0,0.2034999999999995,0.0,30.90225576264166,0.0,450.0,0.11799087389192052,-2.3092638912203256e-14,5.684341886080802e-14,-1.634803403760543e-14
102.66666666666666,10.716233363247401,5.477352341635706,0.6999321309687238,3.7779865962531716,24.384620516788605,3.5717581117280663,13.582802920830416,0.9112984887253891,0.0,0.0,55.615379483211456,0.0,0.2053333333333328,0.0,30.88450169249685,0.0,450.0,0.11710590587922962,-2.6645352591003757e-14,5.684341886080802e-14,-1.6764367671839864e-14
103.58333333333333,10.716914629157731,5.482101796871692,0.7480491767470374,3.8139925276890687,23.97072860062653,3.5691137601433733,13.689729689226667,0.9286715587611113,0.0,0.0,56.02927139937353,0.0,0.20716666666666617,0.0,30.865282420137007,0.0,450.0,0.11621775449049225,-2.4868995751603507e-14,5.684341886080802e-14,-1.63202784619898e-14
104.5,10.717289103145426,5.486695783199333,0.7957992777945793,3.849847556845552,23.5604514747195,3.566518413950738,13.79584102488787,0.9462093039029555,0.0,0.0,56.43954852528056,0.0,0.20899999999999952,0.0,30.844602731034524,0.0,450.0,0.1153262094823132,-2.4868995751603507e-14,5.684341886080802e-14,-1.765254609153999e-14
105.41666666666666,10.717356276246033,5.491133890012423,0.8431801181581894,3.885549985394801,23.153830488147847,3.5639723198427435,13.901131781251449,0.9639115114399769,0.0,0.0,56.84616951185222,0.0,0.21083333333333285,0.0,30.822467774295966,0.0,450.0,0.1143230019261888,-2.3092638912203256e-14,6.394884621840902e-14,-1.7180701306074297e-14
106.33333333333333,10.717116863037056,5.495416405191756,0.8901918997522192,3.921100718476941,22.750884969773626,3.5614753723437507,14.005602407015958,0.9817765205579625,0.0,0.0,57.24911503022645,0.0,0.2126666666666662,0.0,30.79888306137996,0.0,450.0,0.11353211643184725,-2.6645352591003757e-14,7.105427357601002e-14,-1.762479051592436e-14
107.25,10.716570206410314,5.499542849039073,0.9368321288880189,3.9564980613945435,22.35165521123938,3.559027837713385,14.109247360651068,0.9998041149190953,0.0,0.0,57.64834478876069,0.0,0.21449999999999955,0.0,30.77385446472489,0.0,450.0,0.11262913980479554,-2.4868995751603507e-14,6.394884621840902e-14,-1.8068879725774423e-14
108.16666666666666,10.715716016006029,5.5035129553702555,0.9830990994543352,3.991741189649179,21.956173698718946,3.556629870309325,14.212062850798437,1.0179935903186121,0.0,0.0,58.04382630128113,0.0,0.21633333333333288,0.0,30.7473882162867,0.0,450.0,0.11172194307806703,-2.6645352591003757e-14,7.105427357601002e-14,-1.759703494030873e-14
109.08333333333333,10.71455393375276,5.507326426297574,1.0289910224062682,4.02682928056808,21.56447227617512,3.554281633515414,14.314044901802735,1.0363442387780222,0.0,0.0,58.43552772382495,0.0,0.21816666666666623,0.0,30.719490905987158,0.0,450.0,0.11081032736258759,-3.197442310920451e-14,7.105427357601002e-14,-1.892930256985892e-14
110.0,10.713083535613965,5.510982933016686,1.0745060275724456,4.0617615129715885,21.176582110231124,3.551983299541247,14.415189357727574,1.054855348552861,0.0,0.0,58.82341788976895,0.0,0.21999999999999958,0.0,30.69016948007303,0.0,450.0,0.10989409853721865,-2.4868995751603507e-14,7.105427357601002e-14,-1.8485213360008856e-14
110.91666666666666,10.711304333617964,5.514482116728119,1.1196421658116826,4.096537066851365,20.792533654451244,3.5497350491828574,14.515491887148102,1.0735262041389415,0.0,0.0,59.20746634554883,0.0,0.2218333333333329,0.0,30.6594312393865,0.0,450.0,0.1089730680979678,-2.842170943040401e-14,7.815970093361102e-14,-1.9789725413943415e-14
111.83333333333333,10.709215778171805,5.517823589693536,1.1643974115209044,4.131155123060718,20.41235661308409,3.5475370715442995,14.614947988724149,1.0923560862771555,0.0,0.0,59.587643386915985,0.0,0.22366666666666626,0.0,30.627283837547317,0.0,450.0,0.10804705401053505,-2.6645352591003757e-14,7.105427357601002e-14,-1.8457457784393227e-14
112.75,10.706817260658674,5.521006936426833,1.2087696654952256,4.165614863018334,20.036079904326968,3.545389563720028,14.713552997555974,1.1113442719568756,0.0,0.0,59.9639200956731,0.0,0.22549999999999962,0.0,30.59373527904708,0.0,450.0,0.10711588156396792,-3.019806626980426e-14,7.105427357601002e-14,-1.890154699424329e-14
113.66666666666666,10.704108116317803,5.524031715019672,1.2527567581401466,4.199915468426787,19.663731623175178,3.5432927304380932,14.811302092322466,1.1304900344180282,0.0,0.0,60.33626837682489,0.0,0.22733333333333294,0.0,30.558793917256185,0.0,450.0,0.10617938422303841,-2.6645352591003757e-14,7.105427357601002e-14,-1.9317880628477724e-14
114.58333333333333,10.701087627404922,5.526897458600706,1.2963564530347775,4.234056121007085,19.295339003925275,3.5412467836642727,14.908190303199426,1.149792643151907,0.0,0.0,60.70466099607479,0.0,0.2291666666666663,0.0,30.522468452343887,0.0,450.0,0.10523740447680016,-2.4868995751603507e-14,7.105427357601002e-14,-1.9761969838327786e-14
115.5,10.697755026630485,5.529603676927293,1.339566450843934,4.268036002250567,18.93092838240685,3.539251942167367,15.004212520553105,1.1692513639007998,0.0,0.0,61.06907161759322,0.0,0.23099999999999965,0.0,30.484767929112003,0.0,450.0,0.10428979468063207,-3.019806626980426e-14,6.394884621840902e-14,-1.9317880628477724e-14
116.41666666666666,10.694109500871873,5.5321498581080775,1.3823843935758102,4.301854293189419,18.570525158022374,3.537308431046055,15.099363504401717,1.1888654586565124,0.0,0.0,61.42947484197769,0.0,0.23283333333333298,0.0,30.445701734742848,0.0,450.0,0.10333641788892853,-2.3092638912203256e-14,6.394884621840902e-14,-1.8846035843012032e-14
117.33333333333333,10.690150195154834,5.534535470454358,1.4248078691807187,4.335510174187036,18.214153755680094,3.5354164812178004,15.193637894634849,1.2086341856578782,0.0,0.0,61.78584624431998,0.0,0.23466666666666633,0.0,30.405279596461842,0.0,450.0,0.10237714867545504,-2.3092638912203256e-14,7.105427357601002e-14,-1.840194663316197e-14
118.25,10.685876216898428,5.536759964457624,1.4668344164851308,4.369002824749439,17.86183758771003,3.5335763288704505,15.287030221977988,1.228556799387342,0.0,0.0,62.138162412290036,0.0,0.23649999999999968,0.0,30.363511579115542,0.0,450.0,0.10141187393825972,-2.3092638912203256e-14,6.394884621840902e-14,-1.7957857423311907e-14
119.16666666666666,10.681286640416618,5.53882277489022,1.508461530453948,4.402331423358934,17.513599015858016,3.5317882148773285,15.379534919686469,1.2486325505667244,0.0,0.0,62.48640098414206,0.0,0.238333333333333,0.0,30.32040808266553,0.0,450.0,0.10044049368591065,-2.3092638912203256e-14,7.815970093361102e-14,-1.9262369477246466e-14
120.08333333333333,10.676380511668581,5.5407233230254915,1.549686667772571,4.435495147331144,17.16945931345754,3.5300523841767584,15.471146335950076,1.2688606861522636,0.0,0.0,62.83054068654253,0.0,0.24016666666666636,0.0,30.275979839598897,0.0,450.0,0.09946292180172377,-2.6645352591003757e-14,6.394884621840902e-14,-1.8818280267396403e-14
121.0,10.67115685324868,5.542461018973291,1.590507252738931,4.468493172696461,16.82943862788389,3.5283690851171134,15.561858746986431,1.289240449329045,0.0,0.0,63.17056137211617,0.0,0.24199999999999972,0.0,30.23023791225593,0.0,450.0,0.09847908678255338,-2.1316282072803006e-14,5.684341886080802e-14,-1.837419105754634e-14
121.91666666666666,10.66561466960588,5.54403526412614,1.630920683454232,4.501324674107004,16.493555943399045,3.5267385687686525,15.65166637079821,1.3097710795049364,0.0,0.0,63.50644405660101,0.0,0.24383333333333304,0.0,30.18319369007567,0.0,450.0,0.0974889324486455,-1.7763568394002505e-14,5.684341886080802e-14,-1.790234627208065e-14
122.83333333333333,10.659752952481208,5.545445453710795,1.6709243382996821,4.533988824770025,16.161829044500074,3.5251610882035633,15.740563381565877,1.3304518123041449,0.0,0.0,63.83817095549998,0.0,0.2456666666666664,0.0,30.13485888675999,0.0,450.0,0.09649241862099812,-2.4868995751603507e-14,5.684341886080802e-14,-1.7458257062230587e-14
123.75,10.653570686550738,5.5466909794394255,1.7105155826850105,4.566484796408676,15.834274479887195,3.5236368977457904,15.828543924644386,1.351281879560514,0.0,0.0,64.16572552011286,0.0,0.24749999999999975,0.0,30.08524553735699,0.0,450.0,0.09548952176263886,-2.1316282072803006e-14,5.684341886080802e-14,-1.7014167852380524e-14
124.66666666666666,10.647066855260254,5.547771232253979,1.749691776053105,4.598811759250982,15.510907527170996,3.5221662521923993,15.91560213212904,1.3722605093106965,0.0,0.0,64.48909247282906,0.0,0.24933333333333307,0.0,30.034365995264324,0.0,450.0,0.09448023558022187,-2.3092638912203256e-14,5.684341886080802e-14,-1.8318679906315083e-14
125.58333333333333,10.640240446836742,5.5486856051568525,1.7884502791235966,4.6309688820478065,15.191742158440851,3.520749406008398,16.001732138952356,1.3933869257873295,0.0,0.0,64.8082578415592,0.0,0.2511666666666664,0.0,29.982232929153305,0.0,450.0,0.09346457158235585,-2.842170943040401e-14,4.263256414560601e-14,-1.8762769116165146e-14
126.5,10.633090460460574,5.54943349612032,1.8267884613567569,4.662955332120469,14.876791006819126,3.5193866124970747,16.086928099470494,1.4146603494123398,0.0,0.0,65.12320899318092,0.0,0.2529999999999998,0.0,29.928859319814485,0.0,450.0,0.09244255959112076,-3.552713678800501e-14,5.684341886080802e-14,-1.9206858326015208e-14
127.41666666666666,10.625615912581129,5.550014311066696,1.864703708617624,4.694770275438631,14.566065334127114,3.5180781229481095,16.171184204494647,1.436079996790528,0.0,0.0,65.43393466587293,0.0,0.25483333333333313,0.0,29.87425845692551,0.0,450.0,0.09141424820329412,-3.552713678800501e-14,4.263256414560601e-14,-1.965094753586527e-14
128.33333333333331,10.617815843357517,5.550427466910654,1.9021934310188588,4.726412876728983,14.259574999789981,3.516824185765847,16.25449469871961,1.4576450807035644,0.0,0.0,65.74042500021007,0.0,0.25666666666666654,0.0,29.8184439357421,0.0,450.0,0.09037970519790772,-3.552713678800501e-14,4.263256414560601e-14,-1.9262369477246466e-14
129.25,10.609689323204968,5.5506723946545975,1.9392550709194536,4.757882299615119,13.95732843110841,3.5156250455802733,16.33685389849871,1.4793548101045368,0.0,0.0,66.04267156889163,0.0,0.25850000000000006,0.0,29.761429653712884,0.0,450.0,0.08933901788688153,-3.552713678800501e-14,4.263256414560601e-14,-1.9872992140790302e-14
130.16666666666666,10.601235459426459,5.550748542527536,1.9758861110551142,4.789177706788953,13.659332595024416,3.5144809423434102,16.418256209911288,1.5012083901131954,0.0,0.0,66.34066740497565,0.0,0.2603333333333335,0.0,29.703229807019078,0.0,450.0,0.08829229340563928,-2.842170943040401e-14,5.684341886080802e-14,-2.042810365310288e-14
131.08333333333331,10.59245340290816,5.550655379157386,2.012084082774919,4.820298260213867,13.365592971507798,3.5133921104139296,16.49869614706641,1.523205022012047,0.0,0.0,66.63440702849226,0.0,0.262166666666667,0.0,29.643858887039688,0.0,450.0,0.08723965894079809,-3.197442310920451e-14,5.684341886080802e-14,-2.098321516541546e-14
132.0,10.583342354856489,5.550392396766269,2.047846574357652,4.851243121359717,13.076113528688383,3.512358777632973,16.578168350583592,1.5453439032434333,0.0,0.0,66.92388647131169,0.0,0.2640000000000005,0.0,29.583331676743256,0.0,450.0,0.08618126189224422,-3.197442310920451e-14,7.105427357601002e-14,-2.1593837828959295e-14
132.91666666666666,10.573901573553645,5.5499591143779465,2.083171239380194,4.882011451469686,12.790896699856528,3.5113811643942396,16.65666760618924,1.5676242274077394,0.0,0.0,67.20910330014354,0.0,0.265833333333334,0.0,29.521663247007027,0.0,450.0,0.0851172699671567,-3.197442310920451e-14,7.105427357601002e-14,-2.1260770921571748e-14
133.83333333333331,10.56413038110789,5.549355081026191,2.11805580510942,4.912602411858873,12.509943362451224,3.510459482711528,16.734188863365297,1.5900451842628942,0.0,0.0,67.49005663754885,0.0,0.26766666666666744,0.0,29.458868952864368,0.0,450.0,0.0840478712038213,-2.4868995751603507e-14,7.105427357601002e-14,-2.09277040141842e-14
134.75,10.554028170174233,5.548579878952641,2.1524980808881686,4.943015164244385,12.233252819151435,3.509593935287009,16.810727253984734,1.6126059597252842,0.0,0.0,67.76674718084865,0.0,0.26950000000000096,0.0,29.394964429681472,0.0,450.0,0.08297327392338352,-2.4868995751603507e-14,8.526512829121202e-14,-2.1538326677728037e-14
135.66666666666666,10.543594410620637,5.54763312678238,2.186495966485213,4.9732488711065646,11.960822781181319,3.508784714583574,16.886278110867053,1.635305735872241,0.0,0.0,68.03917721881876,0.0,0.2713333333333344,0.0,29.32996558926428,0.0,450.0,0.081893706608029,-1.7763568394002505e-14,8.526512829121202e-14,-2.120525977034049e-14
136.58333333333331,10.532828656114562,5.546514482665364,2.2200474603786042,5.003302696080912,11.692649353934515,3.508032001904675,16.9608369861857,1.6581436909462426,0.0,0.0,68.30735064606557,0.0,0.2731666666666679,0.0,29.263888615896505,0.0,450.0,0.08080941770443792,-1.4210854715202004e-14,8.526512829121202e-14,-2.0872192862952943e-14
137.5,10.521730550604412,5.545223647371641,2.2531506679413384,5.0331758043800745,11.428727025016492,3.507335966485108,17.03439966965844,1.6811189993609614,0.0,0.0,68.5712729749836,0.0,0.2750000000000014,0.0,29.196749962309884,0.0,450.0,0.07972067535174612,-1.4210854715202004e-14,8.526512829121202e-14,-2.0594637106796654e-14
138.41666666666666,10.510299834670327,5.5437603673283,2.2858038094980975,5.062867363245203,11.169048654796754,3.5066967645962186,17.106962206451236,1.7042308317092958,0.0,0.0,68.83095134520333,0.0,0.2768333333333349,0.0,29.128566345587544,0.0,450.0,0.07862776703365203,-1.0658141036401503e-14,8.526512829121202e-14,-2.0261570199409107e-14
139.33333333333331,10.498536351718844,5.542124437586051,2.3180052282217605,5.092376542425843,10.913605469554797,3.506114538669024,17.178520914726043,1.7274783547735315,0.0,0.0,69.08639453044529,0.0,0.27866666666666834,0.0,29.05935474300156,0.0,450.0,0.07753099915472936,-1.4210854715202004e-14,8.526512829121202e-14,-1.992850329202156e-14
140.25,10.486440053996118,5.540315704703442,2.3497533978384704,5.121702514687387,10.662387057295472,3.505589416438711,17.24907240276318,1.7508607315377436,0.0,0.0,69.33761294270464,0.0,0.28050000000000186,0.0,28.98913238778572,0.0,450.0,0.07643069654144394,-2.4868995751603507e-14,1.1368683772161603e-13,-2.0539125955565396e-14
141.16666666666666,10.474011008394772,5.53833406953686,2.3810469301103687,5.150844456345027,10.415381366299847,3.505121510113964,17.31861358558962,1.774377121202571,0.0,0.0,69.58461863370025,0.0,0.2823333333333353,0.0,28.917916764844573,0.0,450.0,0.07532720186882075,-2.4868995751603507e-14,8.526512829121202e-14,-2.020605904817785e-14
142.08333333333331,10.461249402029887,5.5361794899246775,2.4118845820656096,5.179801547823021,10.172574706467994,3.504710915574489,17.387141701045714,1.798026679202492,0.0,0.0,69.82742529353209,0.0,0.2841666666666688,0.0,28.845725606399803,0.0,450.0,0.07422087501416143,-2.4868995751603507e-14,8.526512829121202e-14,-2.0761170560490427e-14
143.0,10.448155547560342,5.533851983254237,2.4422652629459094,5.208572974237947,9.93395175349974,3.50435771160006,17.454654325224155,1.8218085572256981,0.0,0.0,70.06604824650034,0.0,0.2860000000000023,0.0,28.772576887575006,0.0,450.0,0.07311209233966792,-2.4868995751603507e-14,8.526512829121202e-14,-2.1371793224034263e-14
143.91666666666666,10.434729888232507,5.531351628900651,2.4721880408427763,5.237157926004555,9.699495555948427,3.5040619591342903,17.521149387217193,1.8457219032366823,0.0,0.0,70.30050444405165,0.0,0.2878333333333358,0.0,28.698488821920023,0.0,450.0,0.07200124590628623,-1.7763568394002505e-14,8.526512829121202e-14,-2.1038726316646716e-14
144.83333333333331,10.420973002624256,5.528678570526935,2.501652148994627,5.265555599462704,9.46918754517125,3.5038237005862216,17.586625183110197,1.8697658615016466,0.0,0.0,70.53081245482882,0.0,0.28966666666666924,0.0,28.62347985687588,0.0,450.0,0.07088874262152826,-2.4868995751603507e-14,7.105427357601002e-14,-2.1593837828959295e-14
145.75,10.406885609068329,5.52583301823545,2.530656991718199,5.2937651975237605,9.243007548188235,3.503642959172694,17.651080389162583,1.8939395726168131,0.0,0.0,70.75699245181184,0.0,0.29150000000000276,0.0,28.54756866918147,0.0,450.0,0.06977500332447092,-3.197442310920451e-14,7.105427357601002e-14,-2.220446049250313e-14
146.66666666666666,10.392468569735383,5.522815250561162,2.5592021499491144,5.321785930334756,9.020933803449692,3.503519738304294,17.714514074120174,1.9182421735397281,0.0,0.0,70.97906619655038,0.0,0.2933333333333362,0.0,28.470774160223225,0.0,450.0,0.068660461811553,-3.197442310920451e-14,7.105427357601002e-14,-2.1871393585115584e-14
147.58333333333331,10.377722894358415,5.519625616297989,2.587287386368019,5.349617015958529,8.80294297949971,3.5034540210175003,17.77692571060663,1.9426727976236453,0.0,0.0,71.19705702050037,0.0,0.2951666666666697,0.0,28.393115451328743,0.0,450.0,0.06754556380719126,-3.197442310920451e-14,7.105427357601002e-14,-2.2426505097428162e-14
148.5,10.362649743581784,5.516264536150082,2.614912650090458,5.37725768106798,8.589010196511063,3.5034457694554666,17.83831518554538,1.967230574655044,0.0,0.0,71.41098980348902,0.0,0.2970000000000032,0.0,28.314611879005717,0.0,450.0,0.06643076588361808,-3.197442310920451e-14,8.526512829121202e-14,-2.2148949341271873e-14
149.41666666666666,10.347250431919644,5.512732504200734,2.642078080900558,5.404707161652501,8.37910905065438,3.5034949243996434,17.898682809567823,1.9919146308943518,0.0,0.0,71.6208909493457,0.0,0.29883333333333667,0.0,28.235282990127292,0.0,450.0,0.06531653433469033,-3.197442310920451e-14,8.526512829121202e-14,-2.1815882433884326e-14
150.33333333333331,9.91871799807354,5.353246705773173,2.6591269230935346,5.988528709693969,8.17353360124288,3.504685649834938,17.936569125552218,2.016948788917964,0.0,0.0,71.8264663987572,0.0,0.3006666666666701,0.0,28.155148537065003,0.0,450.0,0.0,-3.552713678800501e-14,8.526512829121202e-14,-2.142730437526552e-14
151.25,8.853005556008085,4.943811394508631,2.6591269230935346,7.433559079426801,7.9788205448240355,3.50802485234813,17.936569125552218,2.0470661725151293,0.0,0.0,72.02117945517604,0.0,0.3025000000000036,0.0,28.074228472770542,0.0,450.0,0.0,-3.552713678800501e-14,7.105427357601002e-14,-2.1149748619109232e-14
152.16666666666666,7.90179813459086,4.565691149282346,2.6591269230935346,8.726431708535397,7.796357318465023,3.5116809375582094,17.936569125552218,2.083521210050046,0.0,0.0,72.20364268153504,0.0,0.30433333333333706,0.0,27.99254294580767,0.0,450.0,0.0,-3.552713678800501e-14,7.105427357601002e-14,-2.0816681711721685e-14
153.08333333333331,7.0527927905173184,4.2164908826800005,2.6591269230935346,9.882513172724304,7.6248300724449205,3.5156204782158915,17.936569125552218,2.125645356537026,0.0,0.0,72.37516992755516,0.0,0.30616666666667053,0.0,27.9101122953353,0.0,450.0,0.0,-3.552713678800501e-14,8.526512829121202e-14,-2.1371793224034263e-14
154.0,6.29500846500028,3.893998692074926,2.6591269230935346,10.915597500429698,7.463076123864257,3.5198134209700607,17.936569125552218,2.1728375449537443,0.0,0.0,72.53692387613582,0.0,0.30800000000000405,0.0,27.826957046043184,0.0,450.0,0.0,-3.552713678800501e-14,7.105427357601002e-14,-2.19824158875781e-14
154.91666666666666,5.618643954449525,3.5961718490052874,2.6591269230935346,11.838069114356545,7.310067038060104,3.5242327412880714,17.936569125552218,2.2245572846472914,0.0,0.0,72.68993296193996,0.0,0.3098333333333375,0.0,27.743097903041438,0.0,450.0,0.0,-3.552713678800501e-14,5.684341886080802e-14,-2.1649348980190553e-14
155.83333333333331,5.014951141431197,3.321123860133354,2.6591269230935346,12.66104872634435,7.164893419364107,3.5288541341165276,17.936569125552218,2.28031847454975,0.0,0.0,72.83510658063594,0.0,0.311666666666671,0.0,27.658555746705066,0.0,450.0,0.0,-2.842170943040401e-14,4.263256414560601e-14,-2.1316282072803006e-14
156.75,4.476121846273132,3.0671125178286287,2.6591269230935346,13.394523981911364,7.026751297421566,3.53365573654465,17.936569125552218,2.3396838564455282,0.0,0.0,72.97324870257849,0.0,0.3135000000000045,0.0,27.573351627474903,0.0,450.0,0.0,-3.197442310920451e-14,5.684341886080802e-14,-2.1926904736346842e-14
157.66666666666666,3.9951868358513556,2.832528864684789,2.6591269230935346,14.047466460513832,6.894929982816753,3.5386178791261407,17.936569125552218,2.4022600414086748,0.0,0.0,73.1050700171833,0.0,0.31533333333333796,0.0,27.487506760616192,0.0,450.0,0.0,-3.552713678800501e-14,4.263256414560601e-14,-2.248201624865942e-14
158.58333333333331,3.565925683334494,2.615887002069478,2.6591269230935346,14.627936467484624,6.768801262029489,3.543722862867543,17.936569125552218,2.4676930495700553,0.0,0.0,73.23119873797056,0.0,0.3171666666666714,0.0,27.401042520936127,0.0,450.0,0.0,-3.197442310920451e-14,4.263256414560601e-14,-2.2148949341271873e-14
159.5,3.1827863130097764,2.4158146781524557,2.6591269230935346,15.143176901626083,6.647809803810694,3.5489547592058903,17.936569125552218,2.5356643096703344,0.0,0.0,73.35219019618935,0.0,0.31900000000000495,0.0,27.313980437461645,0.0,450.0,0.0,-3.197442310920451e-14,4.263256414560601e-14,-2.1871393585115584e-14
160.41666666666666,2.8408131895810373,2.2310445957947604,2.6591269230935346,15.599697346598239,6.531464654769134,3.5542992305799377,17.936569125552218,2.6058870704846107,0.0,0.0,73.46853534523092,0.0,0.3208333333333384,0.0,27.226342188078867,0.0,450.0,0.0,-3.907985046680551e-14,5.684341886080802e-14,-2.2426505097428162e-14
161.33333333333331,2.5355832231369777,2.060406385241313,2.6591269230935346,16.00334941284147,6.419331709793504,3.5597433694509846,17.936569125552218,2.678103181238889,0.0,0.0,73.58066829020655,0.0,0.3226666666666719,0.0,27.138149594135434,0.0,450.0,0.0,-3.552713678800501e-14,5.684341886080802e-14,-2.298161660974074e-14
162.25,2.263148560782998,1.9028191907705356,2.6591269230935346,16.359394248264415,6.311027051844545,3.565275553854409,17.936569125552218,2.7520802026407023,0.0,0.0,73.68897294815551,0.0,0.3245000000000054,0.0,27.049424615007133,0.0,450.0,0.0,-3.197442310920451e-14,5.684341886080802e-14,-2.270406085358445e-14
163.16666666666666,2.019985525001827,1.7572848243433248,2.6591269230935346,16.672563038940837,6.206211064931716,3.5708853177643407,17.936569125552218,2.827608814172664,0.0,0.0,73.79378893506832,0.0,0.32633333333333886,0.0,26.960189342630166,0.0,450.0,0.0,-3.197442310920451e-14,4.263256414560601e-14,-2.2370993946196904e-14
164.08333333333331,1.8029490383102387,1.6228814428852072,2.6591269230935346,16.94711123436419,6.104583233274575,3.576563234733992,17.936569125552218,2.9045004868990216,0.0,0.0,73.89541676672546,0.0,0.3281666666666723,0.0,26.87046599600039,0.0,450.0,0.0,-2.4868995751603507e-14,4.263256414560601e-14,-2.2037927038809357e-14
165.0,1.6092319447392391,1.4987577091524495,2.6591269230935346,17.18686715431061,6.005877548450075,3.582300813435192,17.936569125552218,2.982585394256359,0.0,0.0,73.99412245154997,0.0,0.33000000000000584,0.0,26.780276915640943,0.0,450.0,0.0,-2.4868995751603507e-14,4.263256414560601e-14,-2.1760371282653068e-14
165.91666666666666,1.4363287020005264,1.3841273991958463,2.6591269230935346,17.395275565081203,5.909858454573938,3.588090403864762,17.936569125552218,3.0617105361810846,0.0,0.0,74.0901415454261,0.0,0.3318333333333393,0.0,26.689644558039603,0.0,450.0,0.0,-2.4868995751603507e-14,4.263256414560601e-14,-2.2315482794965646e-14
166.83333333333331,1.2820029747326531,1.2782644222647905,2.6591269230935346,17.575436750957234,5.816317269171195,3.59392511311424,17.936569125552218,3.1417380545039797,0.0,0.0,74.18368273082885,0.0,0.3336666666666728,0.0,26.59859149005726,0.0,450.0,0.0,-2.842170943040401e-14,4.263256414560601e-14,-2.2870594307278225e-14
167.75,1.1442587096771413,1.1804982216067952,2.6591269230935346,17.7301415513266,5.7250690243267615,3.599798729714781,17.936569125552218,3.222543719848121,0.0,0.0,74.2749309756733,0.0,0.3355000000000063,0.0,26.50714038330892,0.0,450.0,0.0,-2.4868995751603507e-14,5.684341886080802e-14,-2.2593038551121936e-14
168.66666666666666,1.0213143186700062,1.0902095270301844,2.6591269230935346,17.8619027844286,5.63594967897658,3.6057056556722014,17.936569125552218,3.304015572329866,0.0,0.0,74.36405032102348,0.0,0.33733333333333976,0.0,26.415314008518628,0.0,450.0,0.0,-2.4868995751603507e-14,5.684341886080802e-14,-2.225997164373439e-14
169.58333333333331,0.9115796355307538,1.0068264323258487,2.6591269230935346,17.97298343439326,5.548813658830859,3.611640845399481,17.936569125552218,3.3860527002087943,0.0,0.0,74.45118634116922,0.0,0.3391666666666732,0.0,26.323135229849708,0.0,450.0,0.0,-2.842170943040401e-14,7.105427357601002e-14,-2.2815083156046967e-14
170.5,0.8136353488086892,0.9298207727017306,2.6591269230935346,18.065421938663675,5.463531685453638,3.6175997508366025,17.936569125552218,3.46856414228456,0.0,0.0,74.53646831454644,0.0,0.34100000000000674,0.0,26.23062699921172,0.0,450.0,0.0,-2.842170943040401e-14,7.105427357601002e-14,-2.3425705819590803e-14
171.41666666666666,0.7262146443690554,0.8587047792839804,2.6591269230935346,18.14105487748846,5.379988860503882,3.6235782721215655,17.936569125552218,3.5514679013171615,0.0,0.0,74.6200111394962,0.0,0.3428333333333402,0.0,26.1378123505456,0.0,450.0,0.0,-2.842170943040401e-14,8.526512829121202e-14,-2.3092638912203256e-14
172.33333333333331,0.6481868203836837,0.7930279894937188,2.6591269230935346,18.2015373355108,5.298082975122045,3.6295727132425637,17.936569125552218,3.634690057070456,0.0,0.0,74.70191702487804,0.0,0.34466666666667367,0.0,26.04471439408837,0.0,450.0,0.0,-2.1316282072803006e-14,8.526512829121202e-14,-2.3647750424515834e-14
173.25,0.5785426628020379,0.7323743937291728,2.6591269230935346,18.248361177164334,5.217723017971195,3.63557974216053,17.936569125552218,3.7181639687631147,0.0,0.0,74.78227698202889,0.0,0.3465000000000072,0.0,25.95135631061881,0.0,450.0,0.0,-2.4868995751603507e-14,8.526512829121202e-14,-2.425837308805967e-14
174.16666666666666,0.5163813921485577,0.6763598002796888,2.6591269230935346,18.28287145225885,5.138827858559934,3.641596354944286,17.936569125552218,3.8018295577715704,0.0,0.0,74.86117214144016,0.0,0.34833333333334066,0.0,25.857761345685628,0.0,450.0,0.0,-1.7763568394002505e-14,9.947598300641403e-14,-2.3925306180672123e-14
175.08333333333331,0.46089901281579837,0.6246294017804602,2.6591269230935346,18.306281125483675,5.061325085229463,3.6476198435079774,17.936569125552218,3.885632662378738,0.0,0.0,74.93867491477064,0.0,0.3501666666666741,0.0,25.763952803819457,0.0,450.0,0.0,-1.4210854715202004e-14,1.1368683772161603e-13,-2.3592239273284576e-14
176.0,0.41137791416283903,0.5768555277934534,2.6591269230935346,18.319684303290312,4.9851499796192735,3.6536477665829774,17.936569125552218,3.9695244572120734,0.0,0.0,75.01485002038085,0.0,0.35200000000000764,0.0,25.669954042730172,0.0,450.0,0.0,-3.552713678800501e-15,1.2789769243681803e-13,-2.3314683517128287e-14
176.91666666666666,0.3671775889192531,0.5327355692789195,2.6591269230935346,18.324068113484895,4.910244611571674,3.659677923594487,17.936569125552218,4.053460930775607,0.0,0.0,75.08975538842844,0.0,0.3538333333333411,0.0,25.575788467490987,0.0,450.0,0.0,-7.105427357601002e-15,1.1368683772161603e-13,-2.475797344914099e-14
177.83333333333331,0.3277263488462081,0.4919900618106818,2.6591269230935346,18.320323376639717,4.836557040327658,3.6657083311471435,17.936569125552218,4.137402415162066,0.0,0.0,75.16344295967247,0.0,0.35566666666667457,0.0,25.48147952471076,0.0,450.0,0.0,-7.105427357601002e-15,1.2789769243681803e-13,-2.4424906541753444e-14
178.75,0.2925139305048536,0.4543609153939329,2.6591269230935346,18.30925419391844,4.7640406095351135,3.671737201854446,17.936569125552218,4.2213131626414455,0.0,0.0,75.23595939046501,0.0,0.3575000000000081,0.0,25.387050696695898,0.0,450.0,0.0,-7.105427357601002e-15,1.2789769243681803e-13,-2.4147350785597155e-14
179.66666666666666,0.2610848954947817,0.41960977967285235,2.6591269230935346,18.29158656292188,4.692653325061137,3.6777629252741644,17.936569125552218,4.305160964369153,0.0,0.0,75.30734667493898,0.0,0.35933333333334155,0.0,25.292525495603456,0.0,450.0,0.0,-1.7763568394002505e-14,1.2789769243681803e-13,-2.5590640717609858e-14
180.58333333333331,0.2330327398010538,0.3875165341729364,2.6591269230935346,18.267976121538123,4.622357305896743,3.6837840507363677,17.936569125552218,4.388916806946551,0.0,0.0,75.3776426941034,0.0,0.361166666666675,0.0,25.197927457586754,0.0,450.0,0.0,-2.1316282072803006e-14,1.4210854715202004e-13,-2.525757381022231e-14
181.5,0.2079946360599433,0.3578778940149659,2.6591269230935346,18.239015109378382,4.553118299585313,3.689799271872642,17.936569125552218,4.472554563005376,0.0,0.0,75.44688170041483,0.0,0.36300000000000854,0.0,25.10328013693501,0.0,450.0,0.0,-1.4210854715202004e-14,1.4210854715202004e-13,-2.5868196473766147e-14
182.41666666666666,0.18564674073970092,0.33050612226891696,2.6591269230935346,18.205238627069363,4.484905254613681,3.6958074126747413,17.936569125552218,4.556050712380689,0.0,0.0,75.51509474538648,0.0,0.364833333333342,0.0,25.008607100208515,0.0,450.0,0.0,-1.4210854715202004e-14,1.5631940186722204e-13,-2.55351295663786e-14
183.33333333333331,0.16570000553928285,0.3052278407916089,2.6591269230935346,18.167130265338496,4.417689943093181,3.7018074149285045,17.936569125552218,4.63938409078928,0.0,0.0,75.58231005690699,0.0,0.36666666666667547,0.0,24.913931920370686,0.0,450.0,0.0,-1.4210854715202004e-14,1.7053025658242404e-13,-2.5202062658991053e-14
184.25,0.1478964388295703,0.2818829320157175,2.6591269230935346,18.12512716836732,4.351446627841446,3.7077983268846766,17.936569125552218,4.722535663246058,0.0,0.0,75.64855337215873,0.0,0.368500000000009,0.0,24.819278170918547,0.0,450.0,0.0,-1.4210854715202004e-14,1.7053025658242404e-13,-2.581268532253489e-14
185.16666666666666,0.13200576878244788,0.2603235247338624,2.6591269230935346,18.079624589208333,4.286151768666603,3.7137792930424083,17.936569125552218,4.805488319734022,0.0,0.0,75.71384823133357,0.0,0.37033333333334245,0.0,24.72466942001313,0.0,450.0,0.0,-1.7763568394002505e-14,1.7053025658242404e-13,-2.5479618415147343e-14
186.08333333333331,0.11782246502855652,0.2404130574535218,2.6591269230935346,18.030979989079523,4.221783763264916,3.7197495449338933,17.936569125552218,4.888226690897063,0.0,0.0,75.77821623673528,0.0,0.3721666666666759,0.0,24.630129224611093,0.0,450.0,0.0,-1.7763568394002505e-14,1.8474111129762605e-13,-2.603472992745992e-14
187.0,0.10516308032176855,0.22202541338989445,2.6591269230935346,17.979516726994802,4.158322718680598,3.7257083928099832,17.936569125552218,4.970736981752197,0.0,0.0,75.84167728131958,0.0,0.37400000000000944,0.0,24.535681124599222,0.0,450.0,0.0,-2.1316282072803006e-14,1.7053025658242404e-13,-2.6645352591003757e-14
187.91666666666666,0.09386387782739358,0.20504412161757782,2.6591269230935346,17.925527381391845,4.095750249750812,3.7316552181367992,17.936569125552218,5.053006821621848,0.0,0.0,75.90424975024936,0.0,0.3758333333333429,0.0,24.441348636933192,0.0,450.0,0.0,-2.1316282072803006e-14,1.7053025658242404e-13,-2.631228568361621e-14
188.83333333333331,0.08377871334539189,0.18936161932099635,2.6591269230935346,17.869276741122622,4.034049301377436,3.7375894668225227,17.936569125552218,5.135025128669653,0.0,0.0,75.96595069862275,0.0,0.37766666666667636,0.0,24.34715524978193,0.0,450.0,0.0,-2.1316282072803006e-14,1.8474111129762605e-13,-2.6867397195928788e-14
189.75,0.07477714507721846,0.17487857047054148,2.6591269230935346,17.81100449932364,3.9732039918366553,3.743510643101737,17.936569125552218,5.216781987587263,0.0,0.0,76.02679600816353,0.0,0.3795000000000099,0.0,24.253124416679263,0.0,450.0,0.0,-2.1316282072803006e-14,1.8474111129762605e-13,-2.65898414397725e-14
190.66666666666666,0.0667427464879652,0.16150323660877797,2.6591269230935346,17.75092768023514,3.91319947466345,3.7494183040120457,17.936569125552218,5.2982685391267745,0.0,0.0,76.08680052533674,0.0,0.38133333333334335,0.0,24.15927955068414,0.0,450.0,0.0,-2.842170943040401e-14,1.8474111129762605e-13,-2.7144952952085077e-14
191.58333333333331,0.059571600442311114,0.14915089576115154,2.6591269230935346,17.68924282594968,3.8540218169358997,3.755312054404316,17.936569125552218,5.379476880305522,0.0,0.0,76.1459781830643,0.0,0.3831666666666768,0.0,24.0656440185509,0.0,450.0,0.0,-1.7763568394002505e-14,1.9895196601282805e-13,-2.681188604469753e-14
192.5,0.05317095513739836,0.13774330579047184,2.6591269230935346,17.626127967302523,3.7956578920383905,3.761191542433787,17.936569125552218,5.46039997422827,0.0,0.0,76.20434210796182,0.0,0.38500000000001033,0.0,23.972241134911133,0.0,450.0,0.0,-2.1316282072803006e-14,2.1316282072803006e-13,-2.7422508708241367e-14
193.41666666666666,0.047458024448428913,0.1272082087959496,2.6591269230935346,17.561744400635995,3.7380952852071534,3.7670564554846218,17.936569125552218,5.5410315685782985,0.0,0.0,76.26190471479305,0.0,0.3868333333333438,0.0,23.879094156468508,0.0,450.0,0.0,-1.4210854715202004e-14,1.9895196601282805e-13,-2.708944180085382e-14
194.33333333333331,0.0423589171706175,0.11747887341755135,2.6591269230935346,17.49623828994622,3.681322210359687,3.772906516485255,17.936569125552218,5.6213661219242805,0.0,0.0,76.31867778964052,0.0,0.38866666666667726,0.0,23.786226276207962,0.0,450.0,0.0,-1.4210854715202004e-14,1.9895196601282805e-13,-2.6756374893466273e-14
195.25,0.037807681308289834,0.10849367214654518,2.6591269230935346,17.429742111928405,3.6253274368846378,3.778741480576146,17.936569125552218,5.701398737075435,0.0,0.0,76.37467256311558,0.0,0.3905000000000108,0.0,23.693660617620807,0.0,450.0,0.0,-7.105427357601002e-15,2.1316282072803006e-13,-2.6478819137309983e-14
196.16666666666666,0.033745451049932394,0.100195690964836,2.6591269230935346,17.36237595964943,3.5701002252231895,3.7845611320954315,17.936569125552218,5.7811251007944735,0.0,0.0,76.42989977477704,0.0,0.39233333333334425,0.0,23.601420228947187,0.0,450.0,0.0,-1.0658141036401503e-14,2.2737367544323206e-13,-2.6145752229922437e-14
197.08333333333331,0.030119685396144513,0.09253236884046791,2.6591269230935346,17.294248718975133,3.515630270209485,3.790365281851387,17.936569125552218,5.860541429246925,0.0,0.0,76.48436972979076,0.0,0.3941666666666777,0.0,23.509528077437142,0.0,450.0,0.0,-1.0658141036401503e-14,2.4158453015843406e-13,-2.6700863742235015e-14
198.0,0.026883488592887996,0.08545516479579267,2.6591269230935346,17.225459130442605,3.461907651258196,3.7961537646537433,17.936569125552218,5.93964441862738,0.0,0.0,76.53809234874204,0.0,0.39600000000001123,0.0,23.418007043631956,0.0,450.0,0.0,-1.7763568394002505e-14,2.4158453015843406e-13,-2.731148640577885e-14
198.91666666666666,0.023995003580497356,0.07891925043944625,2.6591269230935346,17.156096747979653,3.4089227885937805,3.801926437078661,17.936569125552218,6.018431200459073,0.0,0.0,76.59107721140646,0.0,0.3978333333333447,0.0,23.32687991566706,0.0,450.0,0.0,-1.4210854715202004e-14,2.4158453015843406e-13,-2.6978419498391304e-14
199.83333333333331,0.021416870613302694,0.07288322601456948,2.6591269230935346,17.086242804717564,3.356666404810015,3.8076831754447023,17.936569125552218,6.096899301113238,0.0,0.0,76.64333359519023,0.0,0.39966666666667816,0.0,23.23616938359791,0.0,450.0,0.0,-7.105427357601002e-15,2.4158453015843406e-13,-2.7533531010703882e-14
200.75,0.01911574404763808,0.0673088581646706,2.6591269230935346,17.01597099510668,3.3051294911315137,3.813423873979358,17.936569125552218,6.175046605139689,0.0,0.0,76.69487050886872,0.0,0.4015000000000117,0.0,23.145898033750314,0.0,450.0,0.0,-7.105427357601002e-15,2.2737367544323206e-13,-2.8144153674247718e-14
201.66666666666666,0.017061861048357052,0.06216083775608538,2.6591269230935346,16.9453481816137,3.25430327782228,3.8191484431577343,17.936569125552218,6.252871322040541,0.0,0.0,76.74569672217797,0.0,0.40333333333334515,0.0,23.056088343096626,0.0,450.0,0.0,0.0,2.4158453015843406e-13,-2.6922908347160046e-14
202.58333333333331,0.015228656635492693,0.05740655622303379,2.6591269230935346,16.87443503344472,3.204179208251174,3.8248568081968126,17.936569125552218,6.330371956155436,0.0,0.0,76.79582079174908,0.0,0.4051666666666786,0.0,22.96676267365907,0.0,450.0,0.0,-3.552713678800501e-15,2.5579538487363607e-13,-2.7478019859472624e-14
203.5,0.013592420092066479,0.05301589901860209,2.6591269230935346,16.803286603988802,3.154748916181469,3.830548907690335,17.936569125552218,6.407547279359215,0.0,0.0,76.84525108381878,0.0,0.40700000000001213,0.0,22.87794326694177,0.0,450.0,0.0,0.0,2.5579538487363607e-13,-2.7200464103316335e-14
204.41666666666666,0.01213198828901403,0.04896105486332696,2.6591269230935346,16.73195285300384,3.106004205902237,3.8362246923708327,17.936569125552218,6.484396306302504,0.0,0.0,76.89399579409802,0.0,0.4088333333333456,0.0,22.78965223839279,0.0,450.0,0.0,0.0,2.5579538487363607e-13,-2.7755575615628914e-14
205.33333333333331,0.010828471960683548,0.04521633958312381,2.6591269230935346,16.660479118962712,3.0579370348639716,3.8418841239866497,17.936569125552218,6.560918271952163,0.0,0.0,76.94206296513629,0.0,0.41066666666667906,0.0,22.70191157189748,0.0,450.0,0.0,0.0,2.5579538487363607e-13,-2.7422508708241367e-14
206.25,0.009665011390547495,0.041758033420716975,2.6591269230935346,16.58890654643518,3.0105394985203824,3.847527174282987,17.936569125552218,6.6371126112122365,0.0,0.0,76.98946050147988,0.0,0.4125000000000126,0.0,22.614743114304666,0.0,450.0,0.0,0.0,2.7000623958883807e-13,-2.7144952952085077e-14
207.16666666666666,0.008626558347159119,0.03856423079006902,2.6591269230935346,16.51727247289385,2.963803817113125,3.8531538240770886,17.936569125552218,6.712978940427604,0.0,0.0,77.03619618288715,0.0,0.41433333333334604,0.0,22.528168569986924,0.0,450.0,0.0,0.0,2.8421709430404007e-13,-2.681188604469753e-14
208.08333333333331,0.0076996814499072355,0.03561470152212386,2.6591269230935346,16.44561077889487,2.9177223241670314,3.858764062418631,17.936569125552218,6.788517040591784,0.0,0.0,77.08227767583324,0.0,0.4161666666666795,0.0,22.44220949543633,0.0,450.0,0.0,3.552713678800501e-15,2.7000623958883807e-13,-2.6478819137309983e-14
209.0,0.0068723924471651,0.03289076272296881,2.6591269230935346,16.37395220519089,2.8722874564906498,3.864357885827258,17.936569125552218,6.863726842097657,0.0,0.0,77.12771254350962,0.0,0.41800000000001303,0.0,22.356887293897028,0.0,450.0,0.0,0.0,2.7000623958883807e-13,-2.7977620220553945e-14
209.91666666666666,0.00613399115990975,0.030375160432739315,2.6591269230935346,16.30232463998043,2.8274917455009194,3.8699352975999877,17.936569125552218,6.938608410885597,0.0,0.0,77.17250825449935,0.0,0.4198333333333465,0.0,22.272223210035996,0.0,450.0,0.0,-7.105427357601002e-15,2.7000623958883807e-13,-2.853273173286652e-14
210.83333333333331,0.0054749270853080905,0.028051960335669927,2.6591269230935346,16.230753379180157,2.783327809712008,3.875496307181918,17.936569125552218,7.0131619358575445,0.0,0.0,77.21667219028828,0.0,0.42166666666667996,0.0,22.188238324653206,0.0,450.0,0.0,0.0,2.8421709430404007e-13,-2.8199664825478976e-14
211.75,0.004886675870247108,0.025906446829029338,2.6591269230935346,16.159261362321153,2.739788348247156,3.8810409295942874,17.936569125552218,7.087387717438252,0.0,0.0,77.26021165175312,0.0,0.4235000000000135,0.0,22.10495354943269,0.0,450.0,0.0,-3.552713678800501e-15,2.8421709430404007e-13,-2.7922109069322687e-14
212.66666666666666,0.004361629057113121,0.023925029811621472,2.6591269230935346,16.087869386413576,2.6968661352488814,3.8865691849145265,17.936569125552218,7.16128615717637,0.0,0.0,77.3031338647514,0.0,0.42533333333334694,0.0,22.02238962173567,0.0,450.0,0.0,-3.552713678800501e-15,2.8421709430404007e-13,-2.8477220581635265e-14
213.58333333333331,0.003892995675788807,0.0220951586014323,2.6591269230935346,16.016596299893056,2.6545540150775424,3.892081097803462,17.936569125552218,7.234857748288402,0.0,0.0,77.34544598492275,0.0,0.4271666666666804,0.0,21.94056709943706,0.0,450.0,0.0,-3.552713678800501e-15,2.8421709430404007e-13,-2.8144153674247718e-14
214.5,0.003474714409056458,0.02040524243716125,2.6591269230935346,15.945459178554705,2.6128448982012022,3.897576697075263,17.936569125552218,7.308103067057756,0.0,0.0,77.3871551017991,0.0,0.4290000000000139,0.0,21.859506355806698,0.0,450.0,0.0,-7.105427357601002e-15,2.984279490192421e-13,-2.786659791809143e-14
215.41666666666666,0.0031013751953521563,0.0188445770600776,2.6591269230935346,15.874473485193656,2.5717317576911305,3.903056015306188,17.936569125552218,7.381022765009594,0.0,0.0,77.42826824230917,0.0,0.4308333333333474,0.0,21.77922757443657,0.0,450.0,0.0,-3.552713678800501e-15,2.984279490192421e-13,-2.842170943040401e-14
216.33333333333331,0.0027681492548786166,0.017403276911156684,2.6591269230935346,15.803653214502914,2.531207626247349,3.9085190884785286,17.936569125552218,7.453617561789726,0.0,0.0,77.46879237375296,0.0,0.43266666666668085,0.0,21.699750744215187,0.0,450.0,0.0,-7.105427357601002e-15,3.126388037344441e-13,-2.808864252301646e-14
217.25,0.0024707266340327234,0.016072212514020277,2.6591269230935346,15.733011024628055,2.491265593687565,3.913965955656504,17.936569125552218,7.5258882386825645,0.0,0.0,77.50873440631274,0.0,0.4345000000000144,0.0,21.62109565435049,0.0,450.0,0.0,-1.0658141036401503e-14,2.984279490192421e-13,-2.8699265186560297e-14
218.16666666666666,0.002205260460345508,0.014842952647051917,2.6591269230935346,15.662558356641906,2.451898804840677,3.919396658691177,17.936569125552218,7.597835632709371,0.0,0.0,77.54810119515962,0.0,0.43633333333334784,0.0,21.543281889442497,0.0,450.0,0.0,-7.105427357601002e-15,2.984279490192421e-13,-2.9254376698872875e-14
219.08333333333331,0.0019683171869263427,0.013707710938393802,2.6591269230935346,15.592305543079759,2.413100457792968,3.924811241951722,17.936569125552218,7.669460631253597,0.0,0.0,77.58689954220733,0.0,0.4381666666666813,0.0,21.466328824606833,0.0,450.0,0.0,-7.105427357601002e-15,2.984279490192421e-13,-2.892130979148533e-14
220.0,0.0017568321828717764,0.012659296545548253,2.6591269230935346,15.522261906565195,2.3748638024412783,3.930209752080628,17.936569125552218,7.740764167165061,0.0,0.0,77.62513619755902,0.0,0.4400000000000148,0.0,21.390255620650464,0.0,450.0,0.0,-7.105427357601002e-15,2.984279490192421e-13,-2.9531932455029164e-14
